Arithmetic_0,Arithmetic_1,Arithmetic_2,Arithmetic_3,Arithmetic_4,Arithmetic_5,Arithmetic_6,Arithmetic_7,Arithmetic_8,Arithmetic_9,Arithmetic_10,Arithmetic_11,Arithmetic_12,Arithmetic_13,Arithmetic_14,Arithmetic_15,Arithmetic_16,Arithmetic_17,Arithmetic_18,Arithmetic_19,Arithmetic_20,Arithmetic_21,Arithmetic_22,Arithmetic_23,Arithmetic_24,Arithmetic_25,Arithmetic_26,Arithmetic_27,Arithmetic_28,Arithmetic_29,Arithmetic_30,Arithmetic_31,Arithmetic_32,Arithmetic_33,Arithmetic_34,Arithmetic_35,Arithmetic_36,Arithmetic_37,Arithmetic_38,Arithmetic_39,Arithmetic_40,Arithmetic_41,Arithmetic_42,Arithmetic_43,Arithmetic_44,Arithmetic_45,Arithmetic_46,Arithmetic_47,Arithmetic_48,Arithmetic_49,Arithmetic_50,Arithmetic_51,Arithmetic_52,Arithmetic_53,Arithmetic_54,Arithmetic_55,Arithmetic_56,Arithmetic_57,Arithmetic_58,Arithmetic_59,Arithmetic_60,Arithmetic_61,Arithmetic_62,Arithmetic_63,Arithmetic_64,Arithmetic_65,Arithmetic_66,Arithmetic_67,Arithmetic_68,Arithmetic_69,Arithmetic_70,Arithmetic_71,Arithmetic_72,Arithmetic_73,Arithmetic_74,Arithmetic_75,Arithmetic_76,Arithmetic_77,Arithmetic_78,Arithmetic_79,Arithmetic_80,Arithmetic_81,Arithmetic_82,Arithmetic_83,Arithmetic_84,Arithmetic_85,Arithmetic_86,Arithmetic_87,Arithmetic_88,Arithmetic_89,Arithmetic_90,Arithmetic_91,Arithmetic_92,Arithmetic_93,Arithmetic_94,Arithmetic_95,Arithmetic_96,Arithmetic_97,Arithmetic_98,Arithmetic_99
505,514,505,514,505,514,505,514,505,514,505,514,505,514,505,514,505,514,505,514,505,514,505,514,505,514,505,514,505,514,505,514,505,514,505,514,505,514,505,514,505,514,505,514,505,514,505,514,505,514,505,514,505,514,505,514,505,514,505,514,505,514,505,514,505,514,505,514,505,514,505,514,505,514,505,514,505,514,505,514,505,514,505,514,505,514,505,514,505,514,505,514,505,514,505,514,505,514,505,514
838,843,848,853,858,863,868,873,878,883,888,893,898,903,908,913,918,923,928,933,938,943,948,953,958,963,968,973,978,983,988,993,998,1003,1008,1013,1018,1023,1028,1033,1038,1043,1048,1053,1058,1063,1068,1073,1078,1083,1088,1093,1098,1103,1108,1113,1118,1123,1128,1133,1138,1143,1148,1153,1158,1163,1168,1173,1178,1183,1188,1193,1198,1203,1208,1213,1218,1223,1228,1233,1238,1243,1248,1253,1258,1263,1268,1273,1278,1283,1288,1293,1298,1303,1308,1313,1318,1323,1328,1333
780,786,782,788,784,790,786,792,788,794,790,796,792,798,794,800,796,802,798,804,800,806,802,808,804,810,806,812,808,814,810,816,812,818,814,820,816,822,818,824,820,826,822,828,824,830,826,832,828,834,830,836,832,838,834,840,836,842,838,844,840,846,842,848,844,850,846,852,848,854,850,856,852,858,854,860,856,862,858,864,860,866,862,868,864,870,866,872,868,874,870,876,872,878,874,880,876,882,878,884
504,512,520,528,536,544,552,560,568,576,584,592,600,608,616,624,632,640,648,656,664,672,680,688,696,704,712,720,728,736,744,752,760,768,776,784,792,800,808,816,824,832,840,848,856,864,872,880,888,896,904,912,920,928,936,944,952,960,968,976,984,992,1000,1008,1016,1024,1032,1040,1048,1056,1064,1072,1080,1088,1096,1104,1112,1120,1128,1136,1144,1152,1160,1168,1176,1184,1192,1200,1208,1216,1224,1232,1240,1248,1256,1264,1272,1280,1288,1296
523,526,518,521,513,516,508,511,503,506,498,501,493,496,488,491,483,486,478,481,473,476,468,471,463,466,458,461,453,456,448,451,443,446,438,441,433,436,428,431,423,426,418,421,413,416,408,411,403,406,398,401,393,396,388,391,383,386,378,381,373,376,368,371,363,366,358,361,353,356,348,351,343,346,338,341,333,336,328,331,323,326,318,321,313,316,308,311,303,306,298,301,293,296,288,291,283,286,278,281
620,633,646,659,672,685,698,711,724,737,750,763,776,789,802,815,828,841,854,867,880,893,906,919,932,945,958,971,984,997,1010,1023,1036,1049,1062,1075,1088,1101,1114,1127,1140,1153,1166,1179,1192,1205,1218,1231,1244,1257,1270,1283,1296,1309,1322,1335,1348,1361,1374,1387,1400,1413,1426,1439,1452,1465,1478,1491,1504,1517,1530,1543,1556,1569,1582,1595,1608,1621,1634,1647,1660,1673,1686,1699,1712,1725,1738,1751,1764,1777,1790,1803,1816,1829,1842,1855,1868,1881,1894,1907
810,817,811,818,812,819,813,820,814,821,815,822,816,823,817,824,818,825,819,826,820,827,821,828,822,829,823,830,824,831,825,832,826,833,827,834,828,835,829,836,830,837,831,838,832,839,833,840,834,841,835,842,836,843,837,844,838,845,839,846,840,847,841,848,842,849,843,850,844,851,845,852,846,853,847,854,848,855,849,856,850,857,851,858,852,859,853,860,854,861,855,862,856,863,857,864,858,865,859,866
538,541,544,547,550,553,556,559,562,565,568,571,574,577,580,583,586,589,592,595,598,601,604,607,610,613,616,619,622,625,628,631,634,637,640,643,646,649,652,655,658,661,664,667,670,673,676,679,682,685,688,691,694,697,700,703,706,709,712,715,718,721,724,727,730,733,736,739,742,745,748,751,754,757,760,763,766,769,772,775,778,781,784,787,790,793,796,799,802,805,808,811,814,817,820,823,826,829,832,835
640,646,639,645,638,644,637,643,636,642,635,641,634,640,633,639,632,638,631,637,630,636,629,635,628,634,627,633,626,632,625,631,624,630,623,629,622,628,621,627,620,626,619,625,618,624,617,623,616,622,615,621,614,620,613,619,612,618,611,617,610,616,609,615,608,614,607,613,606,612,605,611,604,610,603,609,602,608,601,607,600,606,599,605,598,604,597,603,596,602,595,601,594,600,593,599,592,598,591,597
591,606,621,636,651,666,681,696,711,726,741,756,771,786,801,816,831,846,861,876,891,906,921,936,951,966,981,996,1011,1026,1041,1056,1071,1086,1101,1116,1131,1146,1161,1176,1191,1206,1221,1236,1251,1266,1281,1296,1311,1326,1341,1356,1371,1386,1401,1416,1431,1446,1461,1476,1491,1506,1521,1536,1551,1566,1581,1596,1611,1626,1641,1656,1671,1686,1701,1716,1731,1746,1761,1776,1791,1806,1821,1836,1851,1866,1881,1896,1911,1926,1941,1956,1971,1986,2001,2016,2031,2046,2061,2076
732,733,725,726,718,719,711,712,704,705,697,698,690,691,683,684,676,677,669,670,662,663,655,656,648,649,641,642,634,635,627,628,620,621,613,614,606,607,599,600,592,593,585,586,578,579,571,572,564,565,557,558,550,551,543,544,536,537,529,530,522,523,515,516,508,509,501,502,494,495,487,488,480,481,473,474,466,467,459,460,452,453,445,446,438,439,431,432,424,425,417,418,410,411,403,404,396,397,389,390
936,945,954,963,972,981,990,999,1008,1017,1026,1035,1044,1053,1062,1071,1080,1089,1098,1107,1116,1125,1134,1143,1152,1161,1170,1179,1188,1197,1206,1215,1224,1233,1242,1251,1260,1269,1278,1287,1296,1305,1314,1323,1332,1341,1350,1359,1368,1377,1386,1395,1404,1413,1422,1431,1440,1449,1458,1467,1476,1485,1494,1503,1512,1521,1530,1539,1548,1557,1566,1575,1584,1593,1602,1611,1620,1629,1638,1647,1656,1665,1674,1683,1692,1701,1710,1719,1728,1737,1746,1755,1764,1773,1782,1791,1800,1809,1818,1827
578,580,577,579,576,578,575,577,574,576,573,575,572,574,571,573,570,572,569,571,568,570,567,569,566,568,565,567,564,566,563,565,562,564,561,563,560,562,559,561,558,560,557,559,556,558,555,557,554,556,553,555,552,554,551,553,550,552,549,551,548,550,547,549,546,548,545,547,544,546,543,545,542,544,541,543,540,542,539,541,538,540,537,539,536,538,535,537,534,536,533,535,532,534,531,533,530,532,529,531
720,727,734,741,748,755,762,769,776,783,790,797,804,811,818,825,832,839,846,853,860,867,874,881,888,895,902,909,916,923,930,937,944,951,958,965,972,979,986,993,1000,1007,1014,1021,1028,1035,1042,1049,1056,1063,1070,1077,1084,1091,1098,1105,1112,1119,1126,1133,1140,1147,1154,1161,1168,1175,1182,1189,1196,1203,1210,1217,1224,1231,1238,1245,1252,1259,1266,1273,1280,1287,1294,1301,1308,1315,1322,1329,1336,1343,1350,1357,1364,1371,1378,1385,1392,1399,1406,1413
984,987,981,984,978,981,975,978,972,975,969,972,966,969,963,966,960,963,957,960,954,957,951,954,948,951,945,948,942,945,939,942,936,939,933,936,930,933,927,930,924,927,921,924,918,921,915,918,912,915,909,912,906,909,903,906,900,903,897,900,894,897,891,894,888,891,885,888,882,885,879,882,876,879,873,876,870,873,867,870,864,867,861,864,858,861,855,858,852,855,849,852,846,849,843,846,840,843,837,840
900,910,920,930,940,950,960,970,980,990,1000,1010,1020,1030,1040,1050,1060,1070,1080,1090,1100,1110,1120,1130,1140,1150,1160,1170,1180,1190,1200,1210,1220,1230,1240,1250,1260,1270,1280,1290,1300,1310,1320,1330,1340,1350,1360,1370,1380,1390,1400,1410,1420,1430,1440,1450,1460,1470,1480,1490,1500,1510,1520,1530,1540,1550,1560,1570,1580,1590,1600,1610,1620,1630,1640,1650,1660,1670,1680,1690,1700,1710,1720,1730,1740,1750,1760,1770,1780,1790,1800,1810,1820,1830,1840,1850,1860,1870,1880,1890
932,936,934,938,936,940,938,942,940,944,942,946,944,948,946,950,948,952,950,954,952,956,954,958,956,960,958,962,960,964,962,966,964,968,966,970,968,972,970,974,972,976,974,978,976,980,978,982,980,984,982,986,984,988,986,990,988,992,990,994,992,996,994,998,996,1000,998,1002,1000,1004,1002,1006,1004,1008,1006,1010,1008,1012,1010,1014,1012,1016,1014,1018,1016,1020,1018,1022,1020,1024,1022,1026,1024,1028,1026,1030,1028,1032,1030,1034
705,717,729,741,753,765,777,789,801,813,825,837,849,861,873,885,897,909,921,933,945,957,969,981,993,1005,1017,1029,1041,1053,1065,1077,1089,1101,1113,1125,1137,1149,1161,1173,1185,1197,1209,1221,1233,1245,1257,1269,1281,1293,1305,1317,1329,1341,1353,1365,1377,1389,1401,1413,1425,1437,1449,1461,1473,1485,1497,1509,1521,1533,1545,1557,1569,1581,1593,1605,1617,1629,1641,1653,1665,1677,1689,1701,1713,1725,1737,1749,1761,1773,1785,1797,1809,1821,1833,1845,1857,1869,1881,1893
521,526,517,522,513,518,509,514,505,510,501,506,497,502,493,498,489,494,485,490,481,486,477,482,473,478,469,474,465,470,461,466,457,462,453,458,449,454,445,450,441,446,437,442,433,438,429,434,425,430,421,426,417,422,413,418,409,414,405,410,401,406,397,402,393,398,389,394,385,390,381,386,377,382,373,378,369,374,365,370,361,366,357,362,353,358,349,354,345,350,341,346,337,342,333,338,329,334,325,330
903,914,925,936,947,958,969,980,991,1002,1013,1024,1035,1046,1057,1068,1079,1090,1101,1112,1123,1134,1145,1156,1167,1178,1189,1200,1211,1222,1233,1244,1255,1266,1277,1288,1299,1310,1321,1332,1343,1354,1365,1376,1387,1398,1409,1420,1431,1442,1453,1464,1475,1486,1497,1508,1519,1530,1541,1552,1563,1574,1585,1596,1607,1618,1629,1640,1651,1662,1673,1684,1695,1706,1717,1728,1739,1750,1761,1772,1783,1794,1805,1816,1827,1838,1849,1860,1871,1882,1893,1904,1915,1926,1937,1948,1959,1970,1981,1992
690,691,681,682,672,673,663,664,654,655,645,646,636,637,627,628,618,619,609,610,600,601,591,592,582,583,573,574,564,565,555,556,546,547,537,538,528,529,519,520,510,511,501,502,492,493,483,484,474,475,465,466,456,457,447,448,438,439,429,430,420,421,411,412,402,403,393,394,384,385,375,376,366,367,357,358,348,349,339,340,330,331,321,322,312,313,303,304,294,295,285,286,276,277,267,268,258,259,249,250
933,951,969,987,1005,1023,1041,1059,1077,1095,1113,1131,1149,1167,1185,1203,1221,1239,1257,1275,1293,1311,1329,1347,1365,1383,1401,1419,1437,1455,1473,1491,1509,1527,1545,1563,1581,1599,1617,1635,1653,1671,1689,1707,1725,1743,1761,1779,1797,1815,1833,1851,1869,1887,1905,1923,1941,1959,1977,1995,2013,2031,2049,2067,2085,2103,2121,2139,2157,2175,2193,2211,2229,2247,2265,2283,2301,2319,2337,2355,2373,2391,2409,2427,2445,2463,2481,2499,2517,2535,2553,2571,2589,2607,2625,2643,2661,2679,2697,2715
872,877,876,881,880,885,884,889,888,893,892,897,896,901,900,905,904,909,908,913,912,917,916,921,920,925,924,929,928,933,932,937,936,941,940,945,944,949,948,953,952,957,956,961,960,965,964,969,968,973,972,977,976,981,980,985,984,989,988,993,992,997,996,1001,1000,1005,1004,1009,1008,1013,1012,1017,1016,1021,1020,1025,1024,1029,1028,1033,1032,1037,1036,1041,1040,1045,1044,1049,1048,1053,1052,1057,1056,1061,1060,1065,1064,1069,1068,1073
897,915,933,951,969,987,1005,1023,1041,1059,1077,1095,1113,1131,1149,1167,1185,1203,1221,1239,1257,1275,1293,1311,1329,1347,1365,1383,1401,1419,1437,1455,1473,1491,1509,1527,1545,1563,1581,1599,1617,1635,1653,1671,1689,1707,1725,1743,1761,1779,1797,1815,1833,1851,1869,1887,1905,1923,1941,1959,1977,1995,2013,2031,2049,2067,2085,2103,2121,2139,2157,2175,2193,2211,2229,2247,2265,2283,2301,2319,2337,2355,2373,2391,2409,2427,2445,2463,2481,2499,2517,2535,2553,2571,2589,2607,2625,2643,2661,2679
516,519,516,519,516,519,516,519,516,519,516,519,516,519,516,519,516,519,516,519,516,519,516,519,516,519,516,519,516,519,516,519,516,519,516,519,516,519,516,519,516,519,516,519,516,519,516,519,516,519,516,519,516,519,516,519,516,519,516,519,516,519,516,519,516,519,516,519,516,519,516,519,516,519,516,519,516,519,516,519,516,519,516,519,516,519,516,519,516,519,516,519,516,519,516,519,516,519,516,519
986,1001,1016,1031,1046,1061,1076,1091,1106,1121,1136,1151,1166,1181,1196,1211,1226,1241,1256,1271,1286,1301,1316,1331,1346,1361,1376,1391,1406,1421,1436,1451,1466,1481,1496,1511,1526,1541,1556,1571,1586,1601,1616,1631,1646,1661,1676,1691,1706,1721,1736,1751,1766,1781,1796,1811,1826,1841,1856,1871,1886,1901,1916,1931,1946,1961,1976,1991,2006,2021,2036,2051,2066,2081,2096,2111,2126,2141,2156,2171,2186,2201,2216,2231,2246,2261,2276,2291,2306,2321,2336,2351,2366,2381,2396,2411,2426,2441,2456,2471
734,744,737,747,740,750,743,753,746,756,749,759,752,762,755,765,758,768,761,771,764,774,767,777,770,780,773,783,776,786,779,789,782,792,785,795,788,798,791,801,794,804,797,807,800,810,803,813,806,816,809,819,812,822,815,825,818,828,821,831,824,834,827,837,830,840,833,843,836,846,839,849,842,852,845,855,848,858,851,861,854,864,857,867,860,870,863,873,866,876,869,879,872,882,875,885,878,888,881,891
993,1003,1013,1023,1033,1043,1053,1063,1073,1083,1093,1103,1113,1123,1133,1143,1153,1163,1173,1183,1193,1203,1213,1223,1233,1243,1253,1263,1273,1283,1293,1303,1313,1323,1333,1343,1353,1363,1373,1383,1393,1403,1413,1423,1433,1443,1453,1463,1473,1483,1493,1503,1513,1523,1533,1543,1553,1563,1573,1583,1593,1603,1613,1623,1633,1643,1653,1663,1673,1683,1693,1703,1713,1723,1733,1743,1753,1763,1773,1783,1793,1803,1813,1823,1833,1843,1853,1863,1873,1883,1893,1903,1913,1923,1933,1943,1953,1963,1973,1983
534,536,528,530,522,524,516,518,510,512,504,506,498,500,492,494,486,488,480,482,474,476,468,470,462,464,456,458,450,452,444,446,438,440,432,434,426,428,420,422,414,416,408,410,402,404,396,398,390,392,384,386,378,380,372,374,366,368,360,362,354,356,348,350,342,344,336,338,330,332,324,326,318,320,312,314,306,308,300,302,294,296,288,290,282,284,276,278,270,272,264,266,258,260,252,254,246,248,240,242
519,521,523,525,527,529,531,533,535,537,539,541,543,545,547,549,551,553,555,557,559,561,563,565,567,569,571,573,575,577,579,581,583,585,587,589,591,593,595,597,599,601,603,605,607,609,611,613,615,617,619,621,623,625,627,629,631,633,635,637,639,641,643,645,647,649,651,653,655,657,659,661,663,665,667,669,671,673,675,677,679,681,683,685,687,689,691,693,695,697,699,701,703,705,707,709,711,713,715,717
884,894,893,903,902,912,911,921,920,930,929,939,938,948,947,957,956,966,965,975,974,984,983,993,992,1002,1001,1011,1010,1020,1019,1029,1028,1038,1037,1047,1046,1056,1055,1065,1064,1074,1073,1083,1082,1092,1091,1101,1100,1110,1109,1119,1118,1128,1127,1137,1136,1146,1145,1155,1154,1164,1163,1173,1172,1182,1181,1191,1190,1200,1199,1209,1208,1218,1217,1227,1226,1236,1235,1245,1244,1254,1253,1263,1262,1272,1271,1281,1280,1290,1289,1299,1298,1308,1307,1317,1316,1326,1325,1335
616,621,626,631,636,641,646,651,656,661,666,671,676,681,686,691,696,701,706,711,716,721,726,731,736,741,746,751,756,761,766,771,776,781,786,791,796,801,806,811,816,821,826,831,836,841,846,851,856,861,866,871,876,881,886,891,896,901,906,911,916,921,926,931,936,941,946,951,956,961,966,971,976,981,986,991,996,1001,1006,1011,1016,1021,1026,1031,1036,1041,1046,1051,1056,1061,1066,1071,1076,1081,1086,1091,1096,1101,1106,1111
633,635,625,627,617,619,609,611,601,603,593,595,585,587,577,579,569,571,561,563,553,555,545,547,537,539,529,531,521,523,513,515,505,507,497,499,489,491,481,483,473,475,465,467,457,459,449,451,441,443,433,435,425,427,417,419,409,411,401,403,393,395,385,387,377,379,369,371,361,363,353,355,345,347,337,339,329,331,321,323,313,315,305,307,297,299,289,291,281,283,273,275,265,267,257,259,249,251,241,243
835,839,843,847,851,855,859,863,867,871,875,879,883,887,891,895,899,903,907,911,915,919,923,927,931,935,939,943,947,951,955,959,963,967,971,975,979,983,987,991,995,999,1003,1007,1011,1015,1019,1023,1027,1031,1035,1039,1043,1047,1051,1055,1059,1063,1067,1071,1075,1079,1083,1087,1091,1095,1099,1103,1107,1111,1115,1119,1123,1127,1131,1135,1139,1143,1147,1151,1155,1159,1163,1167,1171,1175,1179,1183,1187,1191,1195,1199,1203,1207,1211,1215,1219,1223,1227,1231
918,926,924,932,930,938,936,944,942,950,948,956,954,962,960,968,966,974,972,980,978,986,984,992,990,998,996,1004,1002,1010,1008,1016,1014,1022,1020,1028,1026,1034,1032,1040,1038,1046,1044,1052,1050,1058,1056,1064,1062,1070,1068,1076,1074,1082,1080,1088,1086,1094,1092,1100,1098,1106,1104,1112,1110,1118,1116,1124,1122,1130,1128,1136,1134,1142,1140,1148,1146,1154,1152,1160,1158,1166,1164,1172,1170,1178,1176,1184,1182,1190,1188,1196,1194,1202,1200,1208,1206,1214,1212,1220
930,942,954,966,978,990,1002,1014,1026,1038,1050,1062,1074,1086,1098,1110,1122,1134,1146,1158,1170,1182,1194,1206,1218,1230,1242,1254,1266,1278,1290,1302,1314,1326,1338,1350,1362,1374,1386,1398,1410,1422,1434,1446,1458,1470,1482,1494,1506,1518,1530,1542,1554,1566,1578,1590,1602,1614,1626,1638,1650,1662,1674,1686,1698,1710,1722,1734,1746,1758,1770,1782,1794,1806,1818,1830,1842,1854,1866,1878,1890,1902,1914,1926,1938,1950,1962,1974,1986,1998,2010,2022,2034,2046,2058,2070,2082,2094,2106,2118
974,976,971,973,968,970,965,967,962,964,959,961,956,958,953,955,950,952,947,949,944,946,941,943,938,940,935,937,932,934,929,931,926,928,923,925,920,922,917,919,914,916,911,913,908,910,905,907,902,904,899,901,896,898,893,895,890,892,887,889,884,886,881,883,878,880,875,877,872,874,869,871,866,868,863,865,860,862,857,859,854,856,851,853,848,850,845,847,842,844,839,841,836,838,833,835,830,832,827,829
869,879,889,899,909,919,929,939,949,959,969,979,989,999,1009,1019,1029,1039,1049,1059,1069,1079,1089,1099,1109,1119,1129,1139,1149,1159,1169,1179,1189,1199,1209,1219,1229,1239,1249,1259,1269,1279,1289,1299,1309,1319,1329,1339,1349,1359,1369,1379,1389,1399,1409,1419,1429,1439,1449,1459,1469,1479,1489,1499,1509,1519,1529,1539,1549,1559,1569,1579,1589,1599,1609,1619,1629,1639,1649,1659,1669,1679,1689,1699,1709,1719,1729,1739,1749,1759,1769,1779,1789,1799,1809,1819,1829,1839,1849,1859
870,877,870,877,870,877,870,877,870,877,870,877,870,877,870,877,870,877,870,877,870,877,870,877,870,877,870,877,870,877,870,877,870,877,870,877,870,877,870,877,870,877,870,877,870,877,870,877,870,877,870,877,870,877,870,877,870,877,870,877,870,877,870,877,870,877,870,877,870,877,870,877,870,877,870,877,870,877,870,877,870,877,870,877,870,877,870,877,870,877,870,877,870,877,870,877,870,877,870,877
795,807,819,831,843,855,867,879,891,903,915,927,939,951,963,975,987,999,1011,1023,1035,1047,1059,1071,1083,1095,1107,1119,1131,1143,1155,1167,1179,1191,1203,1215,1227,1239,1251,1263,1275,1287,1299,1311,1323,1335,1347,1359,1371,1383,1395,1407,1419,1431,1443,1455,1467,1479,1491,1503,1515,1527,1539,1551,1563,1575,1587,1599,1611,1623,1635,1647,1659,1671,1683,1695,1707,1719,1731,1743,1755,1767,1779,1791,1803,1815,1827,1839,1851,1863,1875,1887,1899,1911,1923,1935,1947,1959,1971,1983
887,894,891,898,895,902,899,906,903,910,907,914,911,918,915,922,919,926,923,930,927,934,931,938,935,942,939,946,943,950,947,954,951,958,955,962,959,966,963,970,967,974,971,978,975,982,979,986,983,990,987,994,991,998,995,1002,999,1006,1003,1010,1007,1014,1011,1018,1015,1022,1019,1026,1023,1030,1027,1034,1031,1038,1035,1042,1039,1046,1043,1050,1047,1054,1051,1058,1055,1062,1059,1066,1063,1070,1067,1074,1071,1078,1075,1082,1079,1086,1083,1090
988,991,994,997,1000,1003,1006,1009,1012,1015,1018,1021,1024,1027,1030,1033,1036,1039,1042,1045,1048,1051,1054,1057,1060,1063,1066,1069,1072,1075,1078,1081,1084,1087,1090,1093,1096,1099,1102,1105,1108,1111,1114,1117,1120,1123,1126,1129,1132,1135,1138,1141,1144,1147,1150,1153,1156,1159,1162,1165,1168,1171,1174,1177,1180,1183,1186,1189,1192,1195,1198,1201,1204,1207,1210,1213,1216,1219,1222,1225,1228,1231,1234,1237,1240,1243,1246,1249,1252,1255,1258,1261,1264,1267,1270,1273,1276,1279,1282,1285
984,989,986,991,988,993,990,995,992,997,994,999,996,1001,998,1003,1000,1005,1002,1007,1004,1009,1006,1011,1008,1013,1010,1015,1012,1017,1014,1019,1016,1021,1018,1023,1020,1025,1022,1027,1024,1029,1026,1031,1028,1033,1030,1035,1032,1037,1034,1039,1036,1041,1038,1043,1040,1045,1042,1047,1044,1049,1046,1051,1048,1053,1050,1055,1052,1057,1054,1059,1056,1061,1058,1063,1060,1065,1062,1067,1064,1069,1066,1071,1068,1073,1070,1075,1072,1077,1074,1079,1076,1081,1078,1083,1080,1085,1082,1087
504,510,516,522,528,534,540,546,552,558,564,570,576,582,588,594,600,606,612,618,624,630,636,642,648,654,660,666,672,678,684,690,696,702,708,714,720,726,732,738,744,750,756,762,768,774,780,786,792,798,804,810,816,822,828,834,840,846,852,858,864,870,876,882,888,894,900,906,912,918,924,930,936,942,948,954,960,966,972,978,984,990,996,1002,1008,1014,1020,1026,1032,1038,1044,1050,1056,1062,1068,1074,1080,1086,1092,1098
509,516,507,514,505,512,503,510,501,508,499,506,497,504,495,502,493,500,491,498,489,496,487,494,485,492,483,490,481,488,479,486,477,484,475,482,473,480,471,478,469,476,467,474,465,472,463,470,461,468,459,466,457,464,455,462,453,460,451,458,449,456,447,454,445,452,443,450,441,448,439,446,437,444,435,442,433,440,431,438,429,436,427,434,425,432,423,430,421,428,419,426,417,424,415,422,413,420,411,418
621,639,657,675,693,711,729,747,765,783,801,819,837,855,873,891,909,927,945,963,981,999,1017,1035,1053,1071,1089,1107,1125,1143,1161,1179,1197,1215,1233,1251,1269,1287,1305,1323,1341,1359,1377,1395,1413,1431,1449,1467,1485,1503,1521,1539,1557,1575,1593,1611,1629,1647,1665,1683,1701,1719,1737,1755,1773,1791,1809,1827,1845,1863,1881,1899,1917,1935,1953,1971,1989,2007,2025,2043,2061,2079,2097,2115,2133,2151,2169,2187,2205,2223,2241,2259,2277,2295,2313,2331,2349,2367,2385,2403
838,848,842,852,846,856,850,860,854,864,858,868,862,872,866,876,870,880,874,884,878,888,882,892,886,896,890,900,894,904,898,908,902,912,906,916,910,920,914,924,918,928,922,932,926,936,930,940,934,944,938,948,942,952,946,956,950,960,954,964,958,968,962,972,966,976,970,980,974,984,978,988,982,992,986,996,990,1000,994,1004,998,1008,1002,1012,1006,1016,1010,1020,1014,1024,1018,1028,1022,1032,1026,1036,1030,1040,1034,1044
762,772,782,792,802,812,822,832,842,852,862,872,882,892,902,912,922,932,942,952,962,972,982,992,1002,1012,1022,1032,1042,1052,1062,1072,1082,1092,1102,1112,1122,1132,1142,1152,1162,1172,1182,1192,1202,1212,1222,1232,1242,1252,1262,1272,1282,1292,1302,1312,1322,1332,1342,1352,1362,1372,1382,1392,1402,1412,1422,1432,1442,1452,1462,1472,1482,1492,1502,1512,1522,1532,1542,1552,1562,1572,1582,1592,1602,1612,1622,1632,1642,1652,1662,1672,1682,1692,1702,1712,1722,1732,1742,1752
626,635,633,642,640,649,647,656,654,663,661,670,668,677,675,684,682,691,689,698,696,705,703,712,710,719,717,726,724,733,731,740,738,747,745,754,752,761,759,768,766,775,773,782,780,789,787,796,794,803,801,810,808,817,815,824,822,831,829,838,836,845,843,852,850,859,857,866,864,873,871,880,878,887,885,894,892,901,899,908,906,915,913,922,920,929,927,936,934,943,941,950,948,957,955,964,962,971,969,978
599,601,603,605,607,609,611,613,615,617,619,621,623,625,627,629,631,633,635,637,639,641,643,645,647,649,651,653,655,657,659,661,663,665,667,669,671,673,675,677,679,681,683,685,687,689,691,693,695,697,699,701,703,705,707,709,711,713,715,717,719,721,723,725,727,729,731,733,735,737,739,741,743,745,747,749,751,753,755,757,759,761,763,765,767,769,771,773,775,777,779,781,783,785,787,789,791,793,795,797
611,620,610,619,609,618,608,617,607,616,606,615,605,614,604,613,603,612,602,611,601,610,600,609,599,608,598,607,597,606,596,605,595,604,594,603,593,602,592,601,591,600,590,599,589,598,588,597,587,596,586,595,585,594,584,593,583,592,582,591,581,590,580,589,579,588,578,587,577,586,576,585,575,584,574,583,573,582,572,581,571,580,570,579,569,578,568,577,567,576,566,575,565,574,564,573,563,572,562,571
982,993,1004,1015,1026,1037,1048,1059,1070,1081,1092,1103,1114,1125,1136,1147,1158,1169,1180,1191,1202,1213,1224,1235,1246,1257,1268,1279,1290,1301,1312,1323,1334,1345,1356,1367,1378,1389,1400,1411,1422,1433,1444,1455,1466,1477,1488,1499,1510,1521,1532,1543,1554,1565,1576,1587,1598,1609,1620,1631,1642,1653,1664,1675,1686,1697,1708,1719,1730,1741,1752,1763,1774,1785,1796,1807,1818,1829,1840,1851,1862,1873,1884,1895,1906,1917,1928,1939,1950,1961,1972,1983,1994,2005,2016,2027,2038,2049,2060,2071
916,919,915,918,914,917,913,916,912,915,911,914,910,913,909,912,908,911,907,910,906,909,905,908,904,907,903,906,902,905,901,904,900,903,899,902,898,901,897,900,896,899,895,898,894,897,893,896,892,895,891,894,890,893,889,892,888,891,887,890,886,889,885,888,884,887,883,886,882,885,881,884,880,883,879,882,878,881,877,880,876,879,875,878,874,877,873,876,872,875,871,874,870,873,869,872,868,871,867,870
572,573,574,575,576,577,578,579,580,581,582,583,584,585,586,587,588,589,590,591,592,593,594,595,596,597,598,599,600,601,602,603,604,605,606,607,608,609,610,611,612,613,614,615,616,617,618,619,620,621,622,623,624,625,626,627,628,629,630,631,632,633,634,635,636,637,638,639,640,641,642,643,644,645,646,647,648,649,650,651,652,653,654,655,656,657,658,659,660,661,662,663,664,665,666,667,668,669,670,671
572,578,570,576,568,574,566,572,564,570,562,568,560,566,558,564,556,562,554,560,552,558,550,556,548,554,546,552,544,550,542,548,540,546,538,544,536,542,534,540,532,538,530,536,528,534,526,532,524,530,522,528,520,526,518,524,516,522,514,520,512,518,510,516,508,514,506,512,504,510,502,508,500,506,498,504,496,502,494,500,492,498,490,496,488,494,486,492,484,490,482,488,480,486,478,484,476,482,474,480
941,955,969,983,997,1011,1025,1039,1053,1067,1081,1095,1109,1123,1137,1151,1165,1179,1193,1207,1221,1235,1249,1263,1277,1291,1305,1319,1333,1347,1361,1375,1389,1403,1417,1431,1445,1459,1473,1487,1501,1515,1529,1543,1557,1571,1585,1599,1613,1627,1641,1655,1669,1683,1697,1711,1725,1739,1753,1767,1781,1795,1809,1823,1837,1851,1865,1879,1893,1907,1921,1935,1949,1963,1977,1991,2005,2019,2033,2047,2061,2075,2089,2103,2117,2131,2145,2159,2173,2187,2201,2215,2229,2243,2257,2271,2285,2299,2313,2327
968,975,974,981,980,987,986,993,992,999,998,1005,1004,1011,1010,1017,1016,1023,1022,1029,1028,1035,1034,1041,1040,1047,1046,1053,1052,1059,1058,1065,1064,1071,1070,1077,1076,1083,1082,1089,1088,1095,1094,1101,1100,1107,1106,1113,1112,1119,1118,1125,1124,1131,1130,1137,1136,1143,1142,1149,1148,1155,1154,1161,1160,1167,1166,1173,1172,1179,1178,1185,1184,1191,1190,1197,1196,1203,1202,1209,1208,1215,1214,1221,1220,1227,1226,1233,1232,1239,1238,1245,1244,1251,1250,1257,1256,1263,1262,1269
688,697,706,715,724,733,742,751,760,769,778,787,796,805,814,823,832,841,850,859,868,877,886,895,904,913,922,931,940,949,958,967,976,985,994,1003,1012,1021,1030,1039,1048,1057,1066,1075,1084,1093,1102,1111,1120,1129,1138,1147,1156,1165,1174,1183,1192,1201,1210,1219,1228,1237,1246,1255,1264,1273,1282,1291,1300,1309,1318,1327,1336,1345,1354,1363,1372,1381,1390,1399,1408,1417,1426,1435,1444,1453,1462,1471,1480,1489,1498,1507,1516,1525,1534,1543,1552,1561,1570,1579
845,846,845,846,845,846,845,846,845,846,845,846,845,846,845,846,845,846,845,846,845,846,845,846,845,846,845,846,845,846,845,846,845,846,845,846,845,846,845,846,845,846,845,846,845,846,845,846,845,846,845,846,845,846,845,846,845,846,845,846,845,846,845,846,845,846,845,846,845,846,845,846,845,846,845,846,845,846,845,846,845,846,845,846,845,846,845,846,845,846,845,846,845,846,845,846,845,846,845,846
522,536,550,564,578,592,606,620,634,648,662,676,690,704,718,732,746,760,774,788,802,816,830,844,858,872,886,900,914,928,942,956,970,984,998,1012,1026,1040,1054,1068,1082,1096,1110,1124,1138,1152,1166,1180,1194,1208,1222,1236,1250,1264,1278,1292,1306,1320,1334,1348,1362,1376,1390,1404,1418,1432,1446,1460,1474,1488,1502,1516,1530,1544,1558,1572,1586,1600,1614,1628,1642,1656,1670,1684,1698,1712,1726,1740,1754,1768,1782,1796,1810,1824,1838,1852,1866,1880,1894,1908
640,647,642,649,644,651,646,653,648,655,650,657,652,659,654,661,656,663,658,665,660,667,662,669,664,671,666,673,668,675,670,677,672,679,674,681,676,683,678,685,680,687,682,689,684,691,686,693,688,695,690,697,692,699,694,701,696,703,698,705,700,707,702,709,704,711,706,713,708,715,710,717,712,719,714,721,716,723,718,725,720,727,722,729,724,731,726,733,728,735,730,737,732,739,734,741,736,743,738,745
620,637,654,671,688,705,722,739,756,773,790,807,824,841,858,875,892,909,926,943,960,977,994,1011,1028,1045,1062,1079,1096,1113,1130,1147,1164,1181,1198,1215,1232,1249,1266,1283,1300,1317,1334,1351,1368,1385,1402,1419,1436,1453,1470,1487,1504,1521,1538,1555,1572,1589,1606,1623,1640,1657,1674,1691,1708,1725,1742,1759,1776,1793,1810,1827,1844,1861,1878,1895,1912,1929,1946,1963,1980,1997,2014,2031,2048,2065,2082,2099,2116,2133,2150,2167,2184,2201,2218,2235,2252,2269,2286,2303
653,654,651,652,649,650,647,648,645,646,643,644,641,642,639,640,637,638,635,636,633,634,631,632,629,630,627,628,625,626,623,624,621,622,619,620,617,618,615,616,613,614,611,612,609,610,607,608,605,606,603,604,601,602,599,600,597,598,595,596,593,594,591,592,589,590,587,588,585,586,583,584,581,582,579,580,577,578,575,576,573,574,571,572,569,570,567,568,565,566,563,564,561,562,559,560,557,558,555,556
500,504,508,512,516,520,524,528,532,536,540,544,548,552,556,560,564,568,572,576,580,584,588,592,596,600,604,608,612,616,620,624,628,632,636,640,644,648,652,656,660,664,668,672,676,680,684,688,692,696,700,704,708,712,716,720,724,728,732,736,740,744,748,752,756,760,764,768,772,776,780,784,788,792,796,800,804,808,812,816,820,824,828,832,836,840,844,848,852,856,860,864,868,872,876,880,884,888,892,896
566,569,559,562,552,555,545,548,538,541,531,534,524,527,517,520,510,513,503,506,496,499,489,492,482,485,475,478,468,471,461,464,454,457,447,450,440,443,433,436,426,429,419,422,412,415,405,408,398,401,391,394,384,387,377,380,370,373,363,366,356,359,349,352,342,345,335,338,328,331,321,324,314,317,307,310,300,303,293,296,286,289,279,282,272,275,265,268,258,261,251,254,244,247,237,240,230,233,223,226
789,794,799,804,809,814,819,824,829,834,839,844,849,854,859,864,869,874,879,884,889,894,899,904,909,914,919,924,929,934,939,944,949,954,959,964,969,974,979,984,989,994,999,1004,1009,1014,1019,1024,1029,1034,1039,1044,1049,1054,1059,1064,1069,1074,1079,1084,1089,1094,1099,1104,1109,1114,1119,1124,1129,1134,1139,1144,1149,1154,1159,1164,1169,1174,1179,1184,1189,1194,1199,1204,1209,1214,1219,1224,1229,1234,1239,1244,1249,1254,1259,1264,1269,1274,1279,1284
859,866,865,872,871,878,877,884,883,890,889,896,895,902,901,908,907,914,913,920,919,926,925,932,931,938,937,944,943,950,949,956,955,962,961,968,967,974,973,980,979,986,985,992,991,998,997,1004,1003,1010,1009,1016,1015,1022,1021,1028,1027,1034,1033,1040,1039,1046,1045,1052,1051,1058,1057,1064,1063,1070,1069,1076,1075,1082,1081,1088,1087,1094,1093,1100,1099,1106,1105,1112,1111,1118,1117,1124,1123,1130,1129,1136,1135,1142,1141,1148,1147,1154,1153,1160
990,1002,1014,1026,1038,1050,1062,1074,1086,1098,1110,1122,1134,1146,1158,1170,1182,1194,1206,1218,1230,1242,1254,1266,1278,1290,1302,1314,1326,1338,1350,1362,1374,1386,1398,1410,1422,1434,1446,1458,1470,1482,1494,1506,1518,1530,1542,1554,1566,1578,1590,1602,1614,1626,1638,1650,1662,1674,1686,1698,1710,1722,1734,1746,1758,1770,1782,1794,1806,1818,1830,1842,1854,1866,1878,1890,1902,1914,1926,1938,1950,1962,1974,1986,1998,2010,2022,2034,2046,2058,2070,2082,2094,2106,2118,2130,2142,2154,2166,2178
731,740,734,743,737,746,740,749,743,752,746,755,749,758,752,761,755,764,758,767,761,770,764,773,767,776,770,779,773,782,776,785,779,788,782,791,785,794,788,797,791,800,794,803,797,806,800,809,803,812,806,815,809,818,812,821,815,824,818,827,821,830,824,833,827,836,830,839,833,842,836,845,839,848,842,851,845,854,848,857,851,860,854,863,857,866,860,869,863,872,866,875,869,878,872,881,875,884,878,887
768,788,808,828,848,868,888,908,928,948,968,988,1008,1028,1048,1068,1088,1108,1128,1148,1168,1188,1208,1228,1248,1268,1288,1308,1328,1348,1368,1388,1408,1428,1448,1468,1488,1508,1528,1548,1568,1588,1608,1628,1648,1668,1688,1708,1728,1748,1768,1788,1808,1828,1848,1868,1888,1908,1928,1948,1968,1988,2008,2028,2048,2068,2088,2108,2128,2148,2168,2188,2208,2228,2248,2268,2288,2308,2328,2348,2368,2388,2408,2428,2448,2468,2488,2508,2528,2548,2568,2588,2608,2628,2648,2668,2688,2708,2728,2748
927,928,921,922,915,916,909,910,903,904,897,898,891,892,885,886,879,880,873,874,867,868,861,862,855,856,849,850,843,844,837,838,831,832,825,826,819,820,813,814,807,808,801,802,795,796,789,790,783,784,777,778,771,772,765,766,759,760,753,754,747,748,741,742,735,736,729,730,723,724,717,718,711,712,705,706,699,700,693,694,687,688,681,682,675,676,669,670,663,664,657,658,651,652,645,646,639,640,633,634
734,749,764,779,794,809,824,839,854,869,884,899,914,929,944,959,974,989,1004,1019,1034,1049,1064,1079,1094,1109,1124,1139,1154,1169,1184,1199,1214,1229,1244,1259,1274,1289,1304,1319,1334,1349,1364,1379,1394,1409,1424,1439,1454,1469,1484,1499,1514,1529,1544,1559,1574,1589,1604,1619,1634,1649,1664,1679,1694,1709,1724,1739,1754,1769,1784,1799,1814,1829,1844,1859,1874,1889,1904,1919,1934,1949,1964,1979,1994,2009,2024,2039,2054,2069,2084,2099,2114,2129,2144,2159,2174,2189,2204,2219
781,788,784,791,787,794,790,797,793,800,796,803,799,806,802,809,805,812,808,815,811,818,814,821,817,824,820,827,823,830,826,833,829,836,832,839,835,842,838,845,841,848,844,851,847,854,850,857,853,860,856,863,859,866,862,869,865,872,868,875,871,878,874,881,877,884,880,887,883,890,886,893,889,896,892,899,895,902,898,905,901,908,904,911,907,914,910,917,913,920,916,923,919,926,922,929,925,932,928,935
673,693,713,733,753,773,793,813,833,853,873,893,913,933,953,973,993,1013,1033,1053,1073,1093,1113,1133,1153,1173,1193,1213,1233,1253,1273,1293,1313,1333,1353,1373,1393,1413,1433,1453,1473,1493,1513,1533,1553,1573,1593,1613,1633,1653,1673,1693,1713,1733,1753,1773,1793,1813,1833,1853,1873,1893,1913,1933,1953,1973,1993,2013,2033,2053,2073,2093,2113,2133,2153,2173,2193,2213,2233,2253,2273,2293,2313,2333,2353,2373,2393,2413,2433,2453,2473,2493,2513,2533,2553,2573,2593,2613,2633,2653
500,508,501,509,502,510,503,511,504,512,505,513,506,514,507,515,508,516,509,517,510,518,511,519,512,520,513,521,514,522,515,523,516,524,517,525,518,526,519,527,520,528,521,529,522,530,523,531,524,532,525,533,526,534,527,535,528,536,529,537,530,538,531,539,532,540,533,541,534,542,535,543,536,544,537,545,538,546,539,547,540,548,541,549,542,550,543,551,544,552,545,553,546,554,547,555,548,556,549,557
584,602,620,638,656,674,692,710,728,746,764,782,800,818,836,854,872,890,908,926,944,962,980,998,1016,1034,1052,1070,1088,1106,1124,1142,1160,1178,1196,1214,1232,1250,1268,1286,1304,1322,1340,1358,1376,1394,1412,1430,1448,1466,1484,1502,1520,1538,1556,1574,1592,1610,1628,1646,1664,1682,1700,1718,1736,1754,1772,1790,1808,1826,1844,1862,1880,1898,1916,1934,1952,1970,1988,2006,2024,2042,2060,2078,2096,2114,2132,2150,2168,2186,2204,2222,2240,2258,2276,2294,2312,2330,2348,2366
656,662,656,662,656,662,656,662,656,662,656,662,656,662,656,662,656,662,656,662,656,662,656,662,656,662,656,662,656,662,656,662,656,662,656,662,656,662,656,662,656,662,656,662,656,662,656,662,656,662,656,662,656,662,656,662,656,662,656,662,656,662,656,662,656,662,656,662,656,662,656,662,656,662,656,662,656,662,656,662,656,662,656,662,656,662,656,662,656,662,656,662,656,662,656,662,656,662,656,662
747,756,765,774,783,792,801,810,819,828,837,846,855,864,873,882,891,900,909,918,927,936,945,954,963,972,981,990,999,1008,1017,1026,1035,1044,1053,1062,1071,1080,1089,1098,1107,1116,1125,1134,1143,1152,1161,1170,1179,1188,1197,1206,1215,1224,1233,1242,1251,1260,1269,1278,1287,1296,1305,1314,1323,1332,1341,1350,1359,1368,1377,1386,1395,1404,1413,1422,1431,1440,1449,1458,1467,1476,1485,1494,1503,1512,1521,1530,1539,1548,1557,1566,1575,1584,1593,1602,1611,1620,1629,1638
599,603,601,605,603,607,605,609,607,611,609,613,611,615,613,617,615,619,617,621,619,623,621,625,623,627,625,629,627,631,629,633,631,635,633,637,635,639,637,641,639,643,641,645,643,647,645,649,647,651,649,653,651,655,653,657,655,659,657,661,659,663,661,665,663,667,665,669,667,671,669,673,671,675,673,677,675,679,677,681,679,683,681,685,683,687,685,689,687,691,689,693,691,695,693,697,695,699,697,701
926,927,928,929,930,931,932,933,934,935,936,937,938,939,940,941,942,943,944,945,946,947,948,949,950,951,952,953,954,955,956,957,958,959,960,961,962,963,964,965,966,967,968,969,970,971,972,973,974,975,976,977,978,979,980,981,982,983,984,985,986,987,988,989,990,991,992,993,994,995,996,997,998,999,1000,1001,1002,1003,1004,1005,1006,1007,1008,1009,1010,1011,1012,1013,1014,1015,1016,1017,1018,1019,1020,1021,1022,1023,1024,1025
785,793,790,798,795,803,800,808,805,813,810,818,815,823,820,828,825,833,830,838,835,843,840,848,845,853,850,858,855,863,860,868,865,873,870,878,875,883,880,888,885,893,890,898,895,903,900,908,905,913,910,918,915,923,920,928,925,933,930,938,935,943,940,948,945,953,950,958,955,963,960,968,965,973,970,978,975,983,980,988,985,993,990,998,995,1003,1000,1008,1005,1013,1010,1018,1015,1023,1020,1028,1025,1033,1030,1038
849,868,887,906,925,944,963,982,1001,1020,1039,1058,1077,1096,1115,1134,1153,1172,1191,1210,1229,1248,1267,1286,1305,1324,1343,1362,1381,1400,1419,1438,1457,1476,1495,1514,1533,1552,1571,1590,1609,1628,1647,1666,1685,1704,1723,1742,1761,1780,1799,1818,1837,1856,1875,1894,1913,1932,1951,1970,1989,2008,2027,2046,2065,2084,2103,2122,2141,2160,2179,2198,2217,2236,2255,2274,2293,2312,2331,2350,2369,2388,2407,2426,2445,2464,2483,2502,2521,2540,2559,2578,2597,2616,2635,2654,2673,2692,2711,2730
501,506,502,507,503,508,504,509,505,510,506,511,507,512,508,513,509,514,510,515,511,516,512,517,513,518,514,519,515,520,516,521,517,522,518,523,519,524,520,525,521,526,522,527,523,528,524,529,525,530,526,531,527,532,528,533,529,534,530,535,531,536,532,537,533,538,534,539,535,540,536,541,537,542,538,543,539,544,540,545,541,546,542,547,543,548,544,549,545,550,546,551,547,552,548,553,549,554,550,555
642,644,646,648,650,652,654,656,658,660,662,664,666,668,670,672,674,676,678,680,682,684,686,688,690,692,694,696,698,700,702,704,706,708,710,712,714,716,718,720,722,724,726,728,730,732,734,736,738,740,742,744,746,748,750,752,754,756,758,760,762,764,766,768,770,772,774,776,778,780,782,784,786,788,790,792,794,796,798,800,802,804,806,808,810,812,814,816,818,820,822,824,826,828,830,832,834,836,838,840
738,748,740,750,742,752,744,754,746,756,748,758,750,760,752,762,754,764,756,766,758,768,760,770,762,772,764,774,766,776,768,778,770,780,772,782,774,784,776,786,778,788,780,790,782,792,784,794,786,796,788,798,790,800,792,802,794,804,796,806,798,808,800,810,802,812,804,814,806,816,808,818,810,820,812,822,814,824,816,826,818,828,820,830,822,832,824,834,826,836,828,838,830,840,832,842,834,844,836,846
802,822,842,862,882,902,922,942,962,982,1002,1022,1042,1062,1082,1102,1122,1142,1162,1182,1202,1222,1242,1262,1282,1302,1322,1342,1362,1382,1402,1422,1442,1462,1482,1502,1522,1542,1562,1582,1602,1622,1642,1662,1682,1702,1722,1742,1762,1782,1802,1822,1842,1862,1882,1902,1922,1942,1962,1982,2002,2022,2042,2062,2082,2102,2122,2142,2162,2182,2202,2222,2242,2262,2282,2302,2322,2342,2362,2382,2402,2422,2442,2462,2482,2502,2522,2542,2562,2582,2602,2622,2642,2662,2682,2702,2722,2742,2762,2782
654,662,657,665,660,668,663,671,666,674,669,677,672,680,675,683,678,686,681,689,684,692,687,695,690,698,693,701,696,704,699,707,702,710,705,713,708,716,711,719,714,722,717,725,720,728,723,731,726,734,729,737,732,740,735,743,738,746,741,749,744,752,747,755,750,758,753,761,756,764,759,767,762,770,765,773,768,776,771,779,774,782,777,785,780,788,783,791,786,794,789,797,792,800,795,803,798,806,801,809
520,526,532,538,544,550,556,562,568,574,580,586,592,598,604,610,616,622,628,634,640,646,652,658,664,670,676,682,688,694,700,706,712,718,724,730,736,742,748,754,760,766,772,778,784,790,796,802,808,814,820,826,832,838,844,850,856,862,868,874,880,886,892,898,904,910,916,922,928,934,940,946,952,958,964,970,976,982,988,994,1000,1006,1012,1018,1024,1030,1036,1042,1048,1054,1060,1066,1072,1078,1084,1090,1096,1102,1108,1114
588,594,584,590,580,586,576,582,572,578,568,574,564,570,560,566,556,562,552,558,548,554,544,550,540,546,536,542,532,538,528,534,524,530,520,526,516,522,512,518,508,514,504,510,500,506,496,502,492,498,488,494,484,490,480,486,476,482,472,478,468,474,464,470,460,466,456,462,452,458,448,454,444,450,440,446,436,442,432,438,428,434,424,430,420,426,416,422,412,418,408,414,404,410,400,406,396,402,392,398
843,861,879,897,915,933,951,969,987,1005,1023,1041,1059,1077,1095,1113,1131,1149,1167,1185,1203,1221,1239,1257,1275,1293,1311,1329,1347,1365,1383,1401,1419,1437,1455,1473,1491,1509,1527,1545,1563,1581,1599,1617,1635,1653,1671,1689,1707,1725,1743,1761,1779,1797,1815,1833,1851,1869,1887,1905,1923,1941,1959,1977,1995,2013,2031,2049,2067,2085,2103,2121,2139,2157,2175,2193,2211,2229,2247,2265,2283,2301,2319,2337,2355,2373,2391,2409,2427,2445,2463,2481,2499,2517,2535,2553,2571,2589,2607,2625
840,850,849,859,858,868,867,877,876,886,885,895,894,904,903,913,912,922,921,931,930,940,939,949,948,958,957,967,966,976,975,985,984,994,993,1003,1002,1012,1011,1021,1020,1030,1029,1039,1038,1048,1047,1057,1056,1066,1065,1075,1074,1084,1083,1093,1092,1102,1101,1111,1110,1120,1119,1129,1128,1138,1137,1147,1146,1156,1155,1165,1164,1174,1173,1183,1182,1192,1191,1201,1200,1210,1209,1219,1218,1228,1227,1237,1236,1246,1245,1255,1254,1264,1263,1273,1272,1282,1281,1291
815,820,825,830,835,840,845,850,855,860,865,870,875,880,885,890,895,900,905,910,915,920,925,930,935,940,945,950,955,960,965,970,975,980,985,990,995,1000,1005,1010,1015,1020,1025,1030,1035,1040,1045,1050,1055,1060,1065,1070,1075,1080,1085,1090,1095,1100,1105,1110,1115,1120,1125,1130,1135,1140,1145,1150,1155,1160,1165,1170,1175,1180,1185,1190,1195,1200,1205,1210,1215,1220,1225,1230,1235,1240,1245,1250,1255,1260,1265,1270,1275,1280,1285,1290,1295,1300,1305,1310
842,849,846,853,850,857,854,861,858,865,862,869,866,873,870,877,874,881,878,885,882,889,886,893,890,897,894,901,898,905,902,909,906,913,910,917,914,921,918,925,922,929,926,933,930,937,934,941,938,945,942,949,946,953,950,957,954,961,958,965,962,969,966,973,970,977,974,981,978,985,982,989,986,993,990,997,994,1001,998,1005,1002,1009,1006,1013,1010,1017,1014,1021,1018,1025,1022,1029,1026,1033,1030,1037,1034,1041,1038,1045
933,950,967,984,1001,1018,1035,1052,1069,1086,1103,1120,1137,1154,1171,1188,1205,1222,1239,1256,1273,1290,1307,1324,1341,1358,1375,1392,1409,1426,1443,1460,1477,1494,1511,1528,1545,1562,1579,1596,1613,1630,1647,1664,1681,1698,1715,1732,1749,1766,1783,1800,1817,1834,1851,1868,1885,1902,1919,1936,1953,1970,1987,2004,2021,2038,2055,2072,2089,2106,2123,2140,2157,2174,2191,2208,2225,2242,2259,2276,2293,2310,2327,2344,2361,2378,2395,2412,2429,2446,2463,2480,2497,2514,2531,2548,2565,2582,2599,2616
971,979,969,977,967,975,965,973,963,971,961,969,959,967,957,965,955,963,953,961,951,959,949,957,947,955,945,953,943,951,941,949,939,947,937,945,935,943,933,941,931,939,929,937,927,935,925,933,923,931,921,929,919,927,917,925,915,923,913,921,911,919,909,917,907,915,905,913,903,911,901,909,899,907,897,905,895,903,893,901,891,899,889,897,887,895,885,893,883,891,881,889,879,887,877,885,875,883,873,881
938,956,974,992,1010,1028,1046,1064,1082,1100,1118,1136,1154,1172,1190,1208,1226,1244,1262,1280,1298,1316,1334,1352,1370,1388,1406,1424,1442,1460,1478,1496,1514,1532,1550,1568,1586,1604,1622,1640,1658,1676,1694,1712,1730,1748,1766,1784,1802,1820,1838,1856,1874,1892,1910,1928,1946,1964,1982,2000,2018,2036,2054,2072,2090,2108,2126,2144,2162,2180,2198,2216,2234,2252,2270,2288,2306,2324,2342,2360,2378,2396,2414,2432,2450,2468,2486,2504,2522,2540,2558,2576,2594,2612,2630,2648,2666,2684,2702,2720
859,861,860,862,861,863,862,864,863,865,864,866,865,867,866,868,867,869,868,870,869,871,870,872,871,873,872,874,873,875,874,876,875,877,876,878,877,879,878,880,879,881,880,882,881,883,882,884,883,885,884,886,885,887,886,888,887,889,888,890,889,891,890,892,891,893,892,894,893,895,894,896,895,897,896,898,897,899,898,900,899,901,900,902,901,903,902,904,903,905,904,906,905,907,906,908,907,909,908,910
702,718,734,750,766,782,798,814,830,846,862,878,894,910,926,942,958,974,990,1006,1022,1038,1054,1070,1086,1102,1118,1134,1150,1166,1182,1198,1214,1230,1246,1262,1278,1294,1310,1326,1342,1358,1374,1390,1406,1422,1438,1454,1470,1486,1502,1518,1534,1550,1566,1582,1598,1614,1630,1646,1662,1678,1694,1710,1726,1742,1758,1774,1790,1806,1822,1838,1854,1870,1886,1902,1918,1934,1950,1966,1982,1998,2014,2030,2046,2062,2078,2094,2110,2126,2142,2158,2174,2190,2206,2222,2238,2254,2270,2286
902,909,900,907,898,905,896,903,894,901,892,899,890,897,888,895,886,893,884,891,882,889,880,887,878,885,876,883,874,881,872,879,870,877,868,875,866,873,864,871,862,869,860,867,858,865,856,863,854,861,852,859,850,857,848,855,846,853,844,851,842,849,840,847,838,845,836,843,834,841,832,839,830,837,828,835,826,833,824,831,822,829,820,827,818,825,816,823,814,821,812,819,810,817,808,815,806,813,804,811
767,780,793,806,819,832,845,858,871,884,897,910,923,936,949,962,975,988,1001,1014,1027,1040,1053,1066,1079,1092,1105,1118,1131,1144,1157,1170,1183,1196,1209,1222,1235,1248,1261,1274,1287,1300,1313,1326,1339,1352,1365,1378,1391,1404,1417,1430,1443,1456,1469,1482,1495,1508,1521,1534,1547,1560,1573,1586,1599,1612,1625,1638,1651,1664,1677,1690,1703,1716,1729,1742,1755,1768,1781,1794,1807,1820,1833,1846,1859,1872,1885,1898,1911,1924,1937,1950,1963,1976,1989,2002,2015,2028,2041,2054
