state,year,distid_stateassigned,schoolid_stateassigned,distname,schoolname,ncesdistid_admin,ncesdistid_geo,census_id,ncesid,ncesenroll,gradespan,level,enroll_raw_DC,pp_stloc_raw_DC,pp_fed_raw_DC,pp_total_raw_DC,pp_site_stloc_raw_DC,pp_site_fed_raw_DC,pp_site_raw_DC,pp_centshare_stloc_raw_DC,pp_centshare_fed_raw_DC,pp_centshare_raw_DC,schoolstloc_raw_DC,schoolfed_raw_DC,schooltot_raw_DC,flag_NERDS,nces_locale,nces_charter,nces_freelunch,nces_reducedlunch,nces_poverty,nces_address,nces_city,nces_zip
DC,2023-2024,178,233,Academy of Hope Adult PCS,Academy of Hope Adult PCS,NA,NA,NA,NA,NA,NA,NA,840,15032.52738,741.8988095,15774.42619,15032.52738,741.8988095,15774.42619,0,0,0,12627323,623195,13250518,0,NA,NA,NA,NA,NA,NA,NA,NA
DC,2023-2024,155,217,Achievement Preparatory Academy PCS,Achievement Preparatory Academy PCS - Wahler Place Elementary School,1100072,1100072,NA,110007200473,323,PK-05,2,323,32877.95737,4264.958452,37142.91582,32877.95737,4264.958452,37142.91582,0,0,0,10619580.23,1377581.58,11997161.81,0,11-City: Large,1-Yes,NA,NA,NA,908 WAHLER PLACE SE,Washington,20032
DC,2023-2024,103,140,AppleTree Early Learning PCS,AppleTree Early Learning Center PCS - Columbia Heights,1100054,1100054,NA,110005400304,123,PK-PK,1,123,25902.41463,3437.260163,29339.6748,20300.97561,3437.260163,23738.23577,5601.439024,0,5601.439024,3185997,422783,3608780,0,11-City: Large,1-Yes,NA,NA,NA,2750 14TH STREET NW,Washington,20009
DC,2023-2024,103,3072,AppleTree Early Learning PCS,AppleTree Early Learning Center PCS - Douglas Knoll,1100054,1100054,NA,110005400447,51,PK-PK,1,51,26484.01961,3669.176471,30153.19608,20882.58824,3669.176471,24551.76471,5601.431373,0,5601.431373,1350685,187128,1537813,0,11-City: Large,1-Yes,NA,NA,NA,2017 SAVANNAH TERRACE SE,Washington,20020
DC,2023-2024,103,3073,AppleTree Early Learning PCS,AppleTree Early Learning Center PCS - Lincoln Park,1100054,1100054,NA,110005400448,59,PK-PK,1,59,25337.54237,2772.135593,28109.67797,19736.10169,2772.135593,22508.23729,5601.440678,0,5601.440678,1494915,163556,1658471,0,11-City: Large,1-Yes,NA,NA,NA,138 12TH STREET NE,Washington,20002
DC,2023-2024,103,1137,AppleTree Early Learning PCS,AppleTree Early Learning Center PCS - Oklahoma Avenue,1100054,1100054,NA,110005400435,160,PK-PK,1,160,32711.6125,3150.40625,35862.01875,27110.16875,3150.40625,30260.575,5601.44375,0,5601.44375,5233858,504065,5737923,0,11-City: Large,1-Yes,NA,NA,NA,330 21ST STREET NE,Washington,20002
DC,2023-2024,103,1069,AppleTree Early Learning PCS,AppleTree Early Learning Center PCS - Parklands at THEARC,1100054,1100054,NA,110005400517,99,PK-PK,1,99,27656.56566,3538.454545,31195.0202,22055.12121,3538.454545,25593.57576,5601.444444,0,5601.444444,2738000,350307,3088307,0,11-City: Large,1-Yes,NA,NA,NA,1801 MISSISSIPPI AVENUE SE,Washington,20032
DC,2023-2024,103,141,AppleTree Early Learning PCS,AppleTree Early Learning Center PCS - Southwest,1100054,1100054,NA,110005400413,84,PK-PK,1,84,33119.71429,3431.666667,36551.38095,27518.27381,3431.666667,30949.94048,5601.440476,0,5601.440476,2782056,288260,3070316,0,11-City: Large,1-Yes,NA,NA,NA,488 VIRGINIA AVENUE SW,Washington,20024
DC,2023-2024,168,3068,BASIS DC PCS,BASIS DC PCS,1100083,1100083,NA,110008300443,690,05-12,4,690,16981.08804,431.3042319,17412.39228,16981.08804,431.3042319,17412.39228,0,0,0,11716950.75,297599.92,12014550.67,0,11-City: Large,1-Yes,NA,NA,NA,410 8TH STREET NW,Washington,20004
DC,2023-2024,189,289,Breakthrough Montessori PCS,Breakthrough Montessori PCS,1100104,1100104,NA,110010400507,369,PK-06,2,369,26417.23306,1127.864499,27545.09756,26417.23306,1127.864499,27545.09756,0,0,0,9747959,416182,10164141,0,11-City: Large,1-Yes,NA,NA,NA,6923 WILLOW STREET NW,Washington,20012
DC,2023-2024,107,142,Bridges PCS,Bridges PCS,1100055,1100055,NA,110005500305,365,PK-05,2,365,30604.23671,4177.294274,34781.53099,30604.23671,4177.294274,34781.53099,0,0,0,11170546.4,1524712.41,12695258.81,0,11-City: Large,1-Yes,NA,NA,NA,100 GALLATIN STREET NE,Washington,20011
DC,2023-2024,119,126,Briya PCS,Briya PCS,NA,NA,NA,NA,NA,NA,NA,763,19003.90744,816.6416514,19820.5491,19003.90744,816.6416514,19820.5491,0,0,0,14499981.38,623097.58,15123078.96,0,NA,NA,NA,NA,NA,NA,NA,NA
DC,2023-2024,108,1207,Capital City PCS,Capital City PCS - High School,1100035,1100035,NA,110003500475,350,09-12,4,350,29348.68286,3360.649171,32709.33203,23256.61763,3166.832886,26423.45051,6092.065229,193.8162857,6285.881514,10272039,1176227.21,11448266.21,0,11-City: Large,1-Yes,NA,NA,NA,100 PEABODY STREET NW,Washington,20011
DC,2023-2024,108,184,Capital City PCS,Capital City PCS - Lower School,1100035,1100035,NA,110003500253,326,PK-04,2,326,29348.68288,3360.651656,32709.33454,23256.61764,3166.832883,26423.45052,6092.065245,193.818773,6285.884018,9567670.62,1095572.44,10663243.06,0,11-City: Large,1-Yes,NA,NA,NA,100 PEABODY STREET NW,Washington,20011
DC,2023-2024,108,182,Capital City PCS,Capital City PCS - Middle School,1100035,1100035,NA,110003500464,336,05-08,3,336,29348.68289,3360.649167,32709.33205,23256.61765,3166.832887,26423.45054,6092.065238,193.8162798,6285.881518,9861157.45,1129178.12,10990335.57,0,11-City: Large,1-Yes,NA,NA,NA,100 PEABODY STREET NW,Washington,20011
DC,2023-2024,334,1145,Capital Village PCS,Capital Village PCS,1100112,1100112,NA,110011200536,103,05-08,3,103,36988.70553,5573.845631,42562.55117,36988.70553,5573.845631,42562.55117,0,0,0,3809836.67,574106.1,4383942.77,1,11-City: Large,1-Yes,NA,NA,NA,705 EDGEWOOD STREET NE,Washington,20017
DC,2023-2024,162,1119,Carlos Rosario International PCS,Carlos Rosario International PCS,NA,NA,NA,NA,NA,NA,NA,2110,15971.03981,124.7668246,16095.80664,15971.03981,124.7668246,16095.80664,0,0,0,33698894,263258,33962152,0,NA,NA,NA,NA,NA,NA,NA,NA
DC,2023-2024,123,188,Cedar Tree Academy PCS,Cedar Tree Academy PCS,1100029,1100029,NA,110002900245,428,PK-02,2,428,24099.42322,3551.421075,27650.8443,24099.42322,3551.421075,27650.8443,0,0,0,10314553.14,1520008.22,11834561.36,0,11-City: Large,1-Yes,NA,NA,NA,701 HOWARD ROAD SE,Washington,20020
DC,2023-2024,156,1103,Center City PCS,Center City PCS - Brightwood,1100073,1100073,NA,110007300400,261,PK-08,3,261,22811.94264,4846.197088,27658.13973,12918.18705,3634.647816,16552.83487,9893.755594,1211.549272,11105.30487,5953917.03,1264857.44,7218774.47,0,11-City: Large,1-Yes,NA,NA,NA,6008 GEORGIA AVENUE NW,Washington,20011
DC,2023-2024,156,1104,Center City PCS,Center City PCS - Capitol Hill,1100073,1100073,NA,110007300393,215,PK-08,3,215,24137.92037,4846.19707,28984.11744,14194.74833,3634.647814,17829.39614,9943.172047,1211.549256,11154.7213,5189652.88,1041932.37,6231585.25,0,11-City: Large,1-Yes,NA,NA,NA,1503 EAST CAPITOL STREET SE,Washington,20003
DC,2023-2024,156,1105,Center City PCS,Center City PCS - Congress Heights,1100073,1100073,NA,110007300412,243,PK-08,3,243,23419.31786,4846.197078,28265.51494,13508.4535,3634.647819,17143.10132,9910.864362,1211.549259,11122.41362,5690894.24,1177625.89,6868520.13,0,11-City: Large,1-Yes,NA,NA,NA,220 HIGHVIEW PLACE SE,Washington,20032
DC,2023-2024,156,1106,Center City PCS,Center City PCS - Petworth,1100073,1100073,NA,110007300395,242,PK-08,3,242,23087.42293,4846.197149,27933.62008,13175.53347,3634.647851,16810.18132,9911.889463,1211.549298,11123.43876,5587156.35,1172779.71,6759936.06,0,11-City: Large,1-Yes,NA,NA,NA,510 WEBSTER STREET NW,Washington,20011
DC,2023-2024,156,1107,Center City PCS,Center City PCS - Shaw,1100073,1100073,NA,110007300404,199,PK-08,3,199,25124.13266,4846.197136,29970.3298,15158.41719,3634.647839,18793.06503,9965.715477,1211.549296,11177.26477,4999702.4,964393.23,5964095.63,0,11-City: Large,1-Yes,NA,NA,NA,711 N STREET NW,Washington,20001
DC,2023-2024,156,1108,Center City PCS,Center City PCS - Trinidad,1100073,1100073,NA,110007300403,200,PK-08,3,200,27534.06965,4846.19715,32380.2668,17569.8688,3634.64785,21204.51665,9964.20085,1211.5493,11175.75015,5506813.93,969239.43,6476053.36,0,11-City: Large,1-Yes,NA,NA,NA,1217 WEST VIRGINIA AVENUE NE,Washington,20002
DC,2023-2024,109,109,Cesar Chavez PCS for Public Policy,Cesar Chavez Public Charter Schools for Public Policy,1100005,1100005,NA,110000500456,399,06-12,4,399,28995.79449,7046.015038,36041.80952,28995.79449,7046.015038,36041.80952,0,0,0,11569322,2811360,14380682,0,11-City: Large,1-Yes,NA,NA,NA,3701 HAYES STREET NE,Washington,20019
DC,2023-2024,176,216,Community College Preparatory Academy PCS,Community College Preparatory Academy PCS,NA,NA,NA,NA,NA,NA,NA,618,14535.80421,0,14535.80421,14535.80421,0,14535.80421,0,0,0,8983127,0,8983127,0,NA,NA,NA,NA,NA,NA,NA,NA
DC,2023-2024,169,3069,Creative Minds International PCS,Creative Minds International PCS,1100084,1100084,NA,110008400440,581,PK-08,3,581,31478.16179,2038.645439,33516.80723,31478.16179,2038.645439,33516.80723,0,0,0,18288812,1184453,19473265,0,11-City: Large,1-Yes,NA,NA,NA,3700 NORTH CAPITOL STREET NW,Washington,20011
DC,2023-2024,114,199,DC Bilingual PCS,DC Bilingual PCS,1100042,1100042,NA,110004200273,579,PK-05,2,579,27985.67839,2087.225527,30072.90392,27985.67839,2087.225527,30072.90392,0,0,0,16203707.79,1208503.58,17412211.37,0,11-City: Large,1-Yes,NA,NA,NA,33 RIGGS ROAD NE,Washington,20011
DC,2023-2024,4003,3149,DC Jail Education Program,DC Department of Corrections,1100119,1100119,NA,110011900781,41,09-12,4,41,0,0,0,0,0,0,0,0,0,0,0,0,1,11-City: Large,2-No,NA,NA,NA,1901 D Street SE,Washington,20003
DC,2023-2024,115,276,DC Prep PCS,DC Prep PCS - Anacostia Elementary School,1100048,1100048,NA,110004800501,423,PK-03,2,423,22372.0547,4619.836832,26991.89154,16849.15303,4616.741158,21465.89418,5522.901678,3.095673759,5525.997352,9463379.14,1954190.98,11417570.12,0,11-City: Large,1-Yes,NA,NA,NA,1409 V STREET SE,Washington,20020
DC,2023-2024,115,1151,DC Prep PCS,DC Prep PCS - Anacostia Middle School,1100048,1100048,NA,110004800532,265,04-07,3,265,27950.79,4956.435019,32907.22502,22427.88834,4953.339321,27381.22766,5522.90166,3.095698113,5525.997358,7406959.35,1313455.28,8720414.63,0,11-City: Large,1-Yes,NA,NA,NA,2330 POMEROY RD SE,Washington,20020
DC,2023-2024,115,1110,DC Prep PCS,DC Prep PCS - Benning Elementary School,1100048,1100048,NA,110004800387,425,PK-03,2,425,24209.81859,4559.421976,28769.24056,18686.91692,4556.326306,23243.24322,5522.901671,3.095670588,5525.997341,10289172.9,1937754.34,12226927.24,0,11-City: Large,1-Yes,NA,NA,NA,100 41ST STREET NE,Washington,20019
DC,2023-2024,115,218,DC Prep PCS,DC Prep PCS - Benning Middle School,1100048,1100048,NA,110004800474,311,04-08,3,311,22206.45193,4555.048746,26761.50068,16683.55026,4551.953055,21235.50331,5522.901672,3.095691318,5525.997363,6906206.55,1416620.16,8322826.71,0,11-City: Large,1-Yes,NA,NA,NA,100 41ST STREET NE,Washington,20019
DC,2023-2024,115,130,DC Prep PCS,DC Prep PCS - Edgewood Elementary School,1100048,1100048,NA,110004800388,420,PK-03,2,420,24528.50267,4388.246833,28916.7495,19005.601,4385.151143,23390.75214,5522.901667,3.095690476,5525.997357,10301971.12,1843063.67,12145034.79,0,11-City: Large,1-Yes,NA,NA,NA,707 EDGEWOOD STREET NE,Washington,20017
DC,2023-2024,115,196,DC Prep PCS,DC Prep PCS - Edgewood Middle School,1100048,1100048,NA,110004800277,300,04-08,3,300,27669.2354,4514.885,32184.1204,22146.33373,4511.789333,26658.12307,5522.901667,3.095666667,5525.997333,8300770.62,1354465.5,9655236.12,0,11-City: Large,1-Yes,NA,NA,NA,701 EDGEWOOD STREET NE,Washington,20017
DC,2023-2024,170,3070,DC Scholars PCS,DC Scholars PCS,1100085,1100085,NA,110008500438,491,PK-08,3,491,21798.59387,4286.161324,26084.75519,21798.59387,4286.161324,26084.75519,0,0,0,10703109.59,2104505.21,12807614.8,0,11-City: Large,1-Yes,NA,NA,NA,5601 EAST CAPITOL STREET SE,Washington,20019
DC,2023-2024,359,1176,DC Wildflower PCS,DC Wildflower PCS - The Riverseed School,1100118,1100118,NA,110011800778,28,PK-K,1,28,40910.07143,13234.96429,54145.03571,40910.07143,13234.96429,54145.03571,0,0,0,1145482,370579,1516061,1,11-City: Large,1-Yes,NA,NA,NA,913 55TH ST NE,WASHINGTON,20019
DC,2023-2024,317,1212,Digital Pioneers Academy PCS,Digital Pioneers Academy PCS - Capitol Hill,1100109,1100109,NA,110010900544,287,09-11,4,287,29035.4992,3566.486028,32601.98523,29035.4992,3566.486028,32601.98523,0,0,0,8333188.27,1023581.49,9356769.76,0,11-City: Large,1-Yes,NA,NA,NA,709 12TH STREET SE,Washington,20003
DC,2023-2024,317,1038,Digital Pioneers Academy PCS,Digital Pioneers Academy PCS - Johenning,1100109,1100109,NA,110010900521,312,06-08,3,312,29035.4992,3566.486026,32601.98522,29035.4992,3566.486026,32601.98522,0,0,0,9059075.75,1112743.64,10171819.39,0,11-City: Large,1-Yes,NA,NA,NA,908 WAHLER PLACE SE,Washington,20032
DC,2023-2024,181,3145,District of Columbia International School,District of Columbia International Resolution School,1100097,1100097,NA,NA,NA,NA,NA,NA,NRD,NRD,NRD,NRD,NRD,NRD,NRD,NRD,NRD,NRD,NRD,0,1,NA,NA,NA,NA,NA,NA,NA,NA
DC,2023-2024,181,248,District of Columbia International School,District of Columbia International School,1100097,1100097,NA,110009700492,1619,06-12,4,1619,20386.0315,2329.794935,22715.82644,0,2329.794935,2329.794935,20386.0315,0,20386.0315,33004985,3771938,36776923,1,11-City: Large,1-Yes,NA,NA,NA,1400 MAIN DRIVE NW,Washington,20012
DC,2023-2024,1,203,District of Columbia Public Schools,Amidon-Bowen Elementary School,1100030,1100030,09200100130100,110003000121,365,PK-05,2,365,21325.13096,4401.45926,25726.59022,15660.19973,807.5187945,16467.71852,5664.931233,3593.940466,9258.871699,7783672.8,1606532.63,9390205.43,0,11-City: Large,2-No,NA,NA,NA,401 I St. SW,Washington,20024
DC,2023-2024,1,450,District of Columbia Public Schools,Anacostia High School,1100030,1100030,09200100130100,110003000085,244,09-12,4,244,41465.56762,5123.897582,46589.4652,35800.63639,1529.957131,37330.59352,5664.93123,3593.940451,9258.87168,10117598.5,1250231.01,11367829.51,1,11-City: Large,2-No,NA,NA,NA,1601 16th St. SE,Washington,20020
DC,2023-2024,1,452,District of Columbia Public Schools,Ballou High School,1100030,1100030,09200100130100,110003000084,585,09-12,4,585,29840.82209,4746.675026,34587.49711,24175.89084,1152.734564,25328.6254,5664.931248,3593.940462,9258.871709,17456880.92,2776804.89,20233685.81,0,11-City: Large,2-No,NA,NA,NA,3401 4th St. SE,Washington,20032
DC,2023-2024,1,462,District of Columbia Public Schools,Ballou STAY High School,1100030,1100030,09200100130100,110003000207,294,09-12,4,453,21139.2111,3828.091082,24967.30219,15474.27987,234.1506181,15708.43049,5664.931236,3593.940464,9258.8717,9576062.63,1734125.26,11310187.89,1,11-City: Large,2-No,NA,NA,NA,3401 4th St. SE,Washington,20032
DC,2023-2024,1,204,District of Columbia Public Schools,Bancroft Elementary School,1100030,1100030,09200100130100,110003000120,768,PK-05,2,768,21673.61559,3837.150977,25510.76656,16008.68435,243.2105208,16251.89487,5664.931237,3593.940456,9258.871693,16645336.77,2946931.95,19592268.72,0,11-City: Large,2-No,NA,NA,NA,1755 Newton St. NW,Washington,20010
DC,2023-2024,1,1058,District of Columbia Public Schools,Bard High School Early College DC (Bard DC),1100030,1100030,09200100130100,110003000529,369,09-12,4,369,23996.63,4409.35897,28405.98897,18331.69875,815.4185095,19147.11726,5664.931247,3593.940461,9258.871707,8854756.47,1627053.46,10481809.93,0,11-City: Large,2-No,NA,NA,NA,1351 Alabama Ave SE,Washington,20032
DC,2023-2024,1,205,District of Columbia Public Schools,Barnard Elementary School,1100030,1100030,09200100130100,110003000119,591,PK-05,2,591,22901.87262,4330.699763,27232.57239,17236.94139,736.7593063,17973.70069,5664.931235,3593.940457,9258.871692,13535006.72,2559443.56,16094450.28,0,11-City: Large,2-No,NA,NA,NA,430 Decatur St. NW,Washington,20011
DC,2023-2024,1,206,District of Columbia Public Schools,Beers Elementary School,1100030,1100030,09200100130100,110003000118,392,PK-05,2,392,29220.58551,4429.20977,33649.79528,23555.65426,835.2693112,24390.92357,5664.93125,3593.940459,9258.871709,11454469.52,1736250.23,13190719.75,0,11-City: Large,2-No,NA,NA,NA,3600 Alabama Ave. SE,Washington,20020
DC,2023-2024,1,402,District of Columbia Public Schools,Benjamin Banneker High School,1100030,1100030,09200100130100,110003000153,671,09-12,4,671,16838.11972,4233.399255,21071.51897,11173.18848,639.4587928,11812.64727,5664.931237,3593.940462,9258.871699,11298378.33,2840610.9,14138989.23,0,11-City: Large,2-No,NA,NA,NA,1600 9th St. NW,Washington,20001
DC,2023-2024,1,212,District of Columbia Public Schools,Brent Elementary School,1100030,1100030,09200100130100,110003000113,421,PK-05,2,421,19234.59126,3856.295439,23090.8867,13569.66002,262.3549881,13832.01501,5664.931235,3593.940451,9258.871686,8097762.92,1623500.38,9721263.3,0,11-City: Large,2-No,NA,NA,NA,301 North Carolina Ave. SE,Washington,20003
DC,2023-2024,1,213,District of Columbia Public Schools,Brightwood Elementary School,1100030,1100030,09200100130100,110003000112,603,PK-05,2,603,28762.09643,4092.452255,32854.54869,23097.16519,498.511791,23595.67698,5664.931244,3593.940464,9258.871708,17343544.15,2467748.71,19811292.86,0,11-City: Large,2-No,NA,NA,NA,1300 Nicholson St. NW,Washington,20011
DC,2023-2024,1,347,District of Columbia Public Schools,Brookland Middle School,1100030,1100030,09200100130100,110003000494,370,06-08,3,370,20564.46519,4628.422189,25192.88738,14899.53395,1034.48173,15934.01568,5664.931243,3593.940459,9258.871703,7608852.12,1712516.21,9321368.33,0,11-City: Large,2-No,NA,NA,NA,1150 Michigan Ave NE,Washington,20017
DC,2023-2024,1,404,District of Columbia Public Schools,Browne Education Campus,1100030,1100030,09200100130100,110003000152,442,PK-08,3,442,23608.08914,4558.216516,28166.30566,17943.1579,964.2760633,18907.43396,5664.931244,3593.940452,9258.871697,10434775.4,2014731.7,12449507.1,0,11-City: Large,2-No,NA,NA,NA,810 26th St. NE,Washington,20002
DC,2023-2024,1,296,District of Columbia Public Schools,Bruce-Monroe Elementary School @ Park View,1100030,1100030,09200100130100,110003000110,436,PK-05,2,436,24854.93454,4404.4275,29259.36204,19190.0033,810.4870413,20000.49034,5664.931239,3593.940459,9258.871697,10836751.46,1920330.39,12757081.85,0,11-City: Large,2-No,NA,NA,NA,3560 Warder St. NW,Washington,20010
DC,2023-2024,1,219,District of Columbia Public Schools,Bunker Hill Elementary School,1100030,1100030,09200100130100,110003000111,206,PK-05,2,206,25165.34451,4897.873544,30063.21806,19500.41325,1303.933107,20804.34636,5664.931262,3593.940437,9258.871699,5184060.97,1008961.95,6193022.92,0,11-City: Large,2-No,NA,NA,NA,1401 Michigan Ave NE,Washington,20017
DC,2023-2024,1,220,District of Columbia Public Schools,Burroughs Elementary School,1100030,1100030,09200100130100,110003000107,297,PK-05,2,297,23518.98017,4574.738182,28093.71835,17854.04892,980.7977104,18834.84663,5664.931246,3593.940471,9258.871717,6985137.11,1358697.24,8343834.35,0,11-City: Large,2-No,NA,NA,NA,1820 Monroe St. NE,Washington,20018
DC,2023-2024,1,221,District of Columbia Public Schools,Burrville Elementary School,1100030,1100030,09200100130100,110003000106,236,PK-05,2,236,25083.56436,4776.670381,29860.23475,19418.63314,1182.729915,20601.36305,5664.931229,3593.940466,9258.871695,5919721.19,1127294.21,7047015.4,0,11-City: Large,2-No,NA,NA,NA,801 Division Ave. NE,Washington,20019
DC,2023-2024,1,247,District of Columbia Public Schools,C.W. Harris Elementary School,1100030,1100030,09200100130100,110003000185,261,PK-05,2,261,25237.30506,5259.749962,30497.05502,19572.37383,1665.809502,21238.18333,5664.931226,3593.94046,9258.871686,6586936.62,1372794.74,7959731.36,0,11-City: Large,2-No,NA,NA,NA,301 53rd St. SE,Washington,20019
DC,2023-2024,1,360,District of Columbia Public Schools,Capitol Hill Montessori School @ Logan,1100030,1100030,09200100130100,110003000446,488,PK-08,3,488,17438.89592,4024.584836,21463.48076,11773.96467,430.6443852,12204.60906,5664.93125,3593.940451,9258.871701,8510181.21,1963997.4,10474178.61,0,11-City: Large,2-No,NA,NA,NA,215 G St NE,Washington,20002
DC,2023-2024,1,454,District of Columbia Public Schools,Cardozo Education Campus,1100030,1100030,09200100130100,110003000082,706,06-12,4,706,28767.5068,4524.594363,33292.10116,23102.57555,930.6539093,24033.22946,5664.931246,3593.940453,9258.8717,20309859.8,3194363.62,23504223.42,0,11-City: Large,2-No,NA,NA,NA,1200 Clifton St. NW,Washington,20009
DC,2023-2024,1,958,District of Columbia Public Schools,Child and Family Services Regular Ed,1100030,1100030,NA,NA,NA,NA,NA,NA,NRD,NRD,NRD,NRD,NRD,NRD,NRD,NRD,NRD,NRD,NRD,0,1,NA,NA,NA,NA,NA,NA,NA,NA
DC,2023-2024,1,224,District of Columbia Public Schools,Cleveland Elementary School,1100030,1100030,09200100130100,110003000103,299,PK-05,2,299,23892.62328,4545.254515,28437.87779,18227.69204,951.3140468,19179.00609,5664.931237,3593.940468,9258.871706,7143894.36,1359031.1,8502925.46,0,11-City: Large,2-No,NA,NA,NA,1825 8th St. NW,Washington,20001
DC,2023-2024,1,442,District of Columbia Public Schools,Columbia Heights Education Campus,1100030,1100030,09200100130100,110003000396,1494,06-12,4,1494,26083.20005,4969.15488,31052.35493,20418.26881,1375.214418,21793.48323,5664.931245,3593.940462,9258.871707,38968300.88,7423917.39,46392218.27,0,11-City: Large,2-No,NA,NA,NA,3101 16th St. NW,Washington,20010
DC,2023-2024,1,455,District of Columbia Public Schools,Coolidge High School,1100030,1100030,09200100130100,110003000081,1093,09-12,4,1093,32573.94433,4282.428362,36856.37269,26909.01308,688.4879048,27597.50099,5664.931244,3593.940457,9258.871702,35603321.15,4680694.2,40284015.35,0,11-City: Large,2-No,NA,NA,NA,6315 5th St. NW,Washington,20011
DC,2023-2024,1,405,District of Columbia Public Schools,Deal Middle School,1100030,1100030,09200100130100,110003000138,1420,06-08,3,1420,16868.66577,4170.418634,21039.08441,11203.73454,576.4781761,11780.21271,5664.931239,3593.940458,9258.871697,23953505.4,5921994.46,29875499.86,0,11-City: Large,2-No,NA,NA,NA,3815 Fort Dr. NW,Washington,20016
DC,2023-2024,1,349,District of Columbia Public Schools,Dorothy I. Height Elementary School,1100030,1100030,09200100130100,110003000504,396,PK-05,2,396,37174.98854,4446.604091,41621.59263,31510.0573,852.6636364,32362.72093,5664.931237,3593.940455,9258.871692,14721295.46,1760855.22,16482150.68,1,11-City: Large,2-No,NA,NA,NA,4300 13th St. NW,Washington,20011
DC,2023-2024,1,231,District of Columbia Public Schools,Drew Elementary School,1100030,1100030,09200100130100,110003000097,189,PK-05,2,189,28509.97397,5325.389418,33835.36339,22845.04275,1731.448942,24576.49169,5664.931217,3593.940476,9258.871693,5388385.08,1006498.6,6394883.68,0,11-City: Large,2-No,NA,NA,NA,5600 Eads St. NE,Washington,20019
DC,2023-2024,1,471,District of Columbia Public Schools,Duke Ellington School of the Arts,1100030,1100030,09200100130100,110003000016,579,09-12,4,579,30992.10722,4017.958307,35010.06553,25327.17598,424.0178411,25751.19382,5664.931244,3593.940466,9258.87171,17944430.08,2326397.86,20270827.94,0,11-City: Large,2-No,NA,NA,NA,3500 R St. NW,Washington,20007
DC,2023-2024,1,467,District of Columbia Public Schools,Dunbar High School,1100030,1100030,09200100130100,110003000079,984,09-12,4,984,21974.6195,4308.764685,26283.38419,16309.68826,714.8242276,17024.51249,5664.93124,3593.940457,9258.871697,21623025.59,4239824.45,25862850.04,0,11-City: Large,2-No,NA,NA,NA,101 N St. NW,Washington,20001
DC,2023-2024,1,6000,District of Columbia Public Schools,Early Stages,1100030,1100030,NA,NA,NA,NA,NA,NA,NRD,NRD,NRD,NRD,NRD,NRD,NRD,NRD,NRD,NRD,NRD,0,1,NA,NA,NA,NA,NA,NA,NA,NA
DC,2023-2024,1,457,District of Columbia Public Schools,Eastern High School,1100030,1100030,09200100130100,110003000078,866,09-12,4,866,23224.73808,4719.656316,27944.3944,17559.80684,1125.715855,18685.52269,5664.931247,3593.940462,9258.871709,20112623.18,4087222.37,24199845.55,0,11-City: Large,2-No,NA,NA,NA,1700 East Capitol St. NE,Washington,20003
DC,2023-2024,1,232,District of Columbia Public Schools,Eaton Elementary School,1100030,1100030,09200100130100,110003000096,437,PK-05,2,437,17913.52686,3879.555355,21793.08222,12248.59563,285.614897,12534.21053,5664.931236,3593.940458,9258.871693,7828211.24,1695365.69,9523576.93,0,11-City: Large,2-No,NA,NA,NA,3301 Lowell St NW,Washington,20008
DC,2023-2024,1,407,District of Columbia Public Schools,Eliot-Hine Middle School,1100030,1100030,09200100130100,110003000151,374,06-08,3,374,20095.65829,4651.267861,24746.92615,14430.72706,1057.327406,15488.05447,5664.93123,3593.940455,9258.871684,7515776.2,1739574.18,9255350.38,0,11-City: Large,2-No,NA,NA,NA,1830 Constitution Ave. NE,Washington,20002
DC,2023-2024,1,318,District of Columbia Public Schools,Excel Academy,1100030,1100030,09200100130100,110003000519,339,PK-08,3,339,25852.11664,4997.345988,30849.46263,20187.1854,1403.405516,21590.59091,5664.931239,3593.940472,9258.871711,8763867.54,1694100.29,10457967.83,0,11-City: Large,2-No,NA,NA,NA,2501 Martin Luther King Jr. Ave. SE,Washington,20020
DC,2023-2024,1,238,District of Columbia Public Schools,Garfield Elementary School,1100030,1100030,09200100130100,110003000165,202,PK-05,2,202,30248.42208,5164.583465,35413.00554,24583.49084,1570.64302,26154.13386,5664.931238,3593.940446,9258.871683,6110181.26,1043245.86,7153427.12,0,11-City: Large,2-No,NA,NA,NA,4430 H St. SE,Washington,20019
DC,2023-2024,1,239,District of Columbia Public Schools,Garrison Elementary School,1100030,1100030,09200100130100,110003000171,389,PK-05,2,389,23138.15758,4225.372802,27363.53039,17473.22635,631.4323393,18104.65869,5664.931234,3593.940463,9258.871697,9000743.3,1643670.02,10644413.32,0,11-City: Large,2-No,NA,NA,NA,1200 S St. NW,Washington,20009
DC,2023-2024,1,994,District of Columbia Public Schools,General Education Residential Schools,1100030,1100030,NA,NA,NA,NA,NA,NA,NRD,NRD,NRD,NRD,NRD,NRD,NRD,NRD,NRD,NRD,NRD,0,1,NA,NA,NA,NA,NA,NA,NA,NA
DC,2023-2024,1,227,District of Columbia Public Schools,H.D. Cooke Elementary School,1100030,1100030,09200100130100,110003000100,389,PK-05,2,389,24307.74051,5008.513907,29316.25442,18642.80928,1414.573445,20057.38272,5664.931234,3593.940463,9258.871697,9455711.06,1948311.91,11404022.97,0,11-City: Large,2-No,NA,NA,NA,2525 17th St. NW,Washington,20009
DC,2023-2024,1,464,District of Columbia Public Schools,H.D. Woodson High School,1100030,1100030,09200100130100,110003000055,544,09-12,4,544,29565.95026,4744.141857,34310.09211,23901.01901,1150.201397,25051.2204,5664.93125,3593.94046,9258.87171,16083876.94,2580813.17,18664690.11,0,11-City: Large,2-No,NA,NA,NA,540 55th St. NE,Washington,20019
DC,2023-2024,1,246,District of Columbia Public Schools,Hardy Middle School,1100030,1100030,09200100130100,110003000186,602,06-08,3,602,17618.16244,3944.985664,21563.14811,11953.2312,351.0451993,12304.2764,5664.931246,3593.940465,9258.871711,10606133.79,2374881.37,12981015.16,0,11-City: Large,2-No,NA,NA,NA,1819 35th St. NW,Washington,20007
DC,2023-2024,1,413,District of Columbia Public Schools,Hart Middle School,1100030,1100030,09200100130100,110003000135,367,06-08,3,367,26589.18392,4531.018147,31120.20207,20924.25267,937.0776839,21861.33035,5664.931253,3593.940463,9258.871717,9758230.5,1662883.66,11421114.16,0,11-City: Large,2-No,NA,NA,NA,601 Mississippi Ave. SE,Washington,20032
DC,2023-2024,1,258,District of Columbia Public Schools,Hearst Elementary School,1100030,1100030,09200100130100,110003000183,337,PK-05,2,337,20529.57119,4058.382107,24587.95329,14864.63994,464.441632,15329.08157,5664.931246,3593.940475,9258.871721,6918465.49,1367674.77,8286140.26,0,11-City: Large,2-No,NA,NA,NA,3950 37th St. NW,Washington,20008
DC,2023-2024,1,249,District of Columbia Public Schools,Hendley Elementary School,1100030,1100030,09200100130100,110003000182,251,PK-05,2,251,28789.82693,4782.515219,33572.34215,23124.8957,1188.574741,24313.47044,5664.931235,3593.940478,9258.871713,7226246.56,1200411.32,8426657.88,0,11-City: Large,2-No,NA,NA,NA,425 Chesapeake St. SE,Washington,20032
DC,2023-2024,1,251,District of Columbia Public Schools,Houston Elementary School,1100030,1100030,09200100130100,110003000181,307,PK-05,2,307,24325.80365,4725.401629,29051.20528,18660.87241,1131.461173,19792.33358,5664.931238,3593.940456,9258.871694,7468021.72,1450698.3,8918720.02,0,11-City: Large,2-No,NA,NA,NA,1100 50th Pl. NE,Washington,20019
DC,2023-2024,1,252,District of Columbia Public Schools,Hyde-Addison Elementary School,1100030,1100030,09200100130100,110003000180,396,PK-05,2,396,21393.13907,4104.924747,25498.06381,15728.20783,510.9842929,16239.19212,5664.931237,3593.940455,9258.871692,8471683.07,1625550.2,10097233.27,0,11-City: Large,2-No,NA,NA,NA,3219 O St. NW,Washington,20007
DC,2023-2024,1,1071,District of Columbia Public Schools,Ida B. Wells Middle School,1100030,1100030,09200100130100,110003000524,540,06-08,3,540,21184.93219,4919.041037,26103.97322,15520.00094,1325.100574,16845.10152,5664.931241,3593.940463,9258.871704,11439863.38,2656282.16,14096145.54,0,11-City: Large,2-No,NA,NA,NA,405 Sheridan St. NW,Washington,20011
DC,2023-2024,1,339,District of Columbia Public Schools,J.O. Wilson Elementary School,1100030,1100030,09200100130100,110003000062,464,PK-05,2,464,37755.89522,4574.407284,42330.3025,32090.96397,980.4668319,33071.4308,5664.93125,3593.940453,9258.871703,17518735.38,2122524.98,19641260.36,1,11-City: Large,2-No,NA,NA,NA,660 K St. NE,Washington,20002
DC,2023-2024,1,463,District of Columbia Public Schools,Jackson-Reed High School,1100030,1100030,09200100130100,110003000133,1994,09-12,4,1994,22042.85746,4088.964594,26131.82206,16377.92622,495.0241324,16872.95035,5664.931244,3593.940461,9258.871705,43953457.78,8153395.4,52106853.18,0,11-City: Large,2-No,NA,NA,NA,3950 Chesapeake St. NW,Washington,20016
DC,2023-2024,1,254,District of Columbia Public Schools,Janney Elementary School,1100030,1100030,09200100130100,110003000179,684,PK-05,2,684,17566.93974,4127.468173,21694.40791,11902.00849,533.5277193,12435.53621,5664.931243,3593.940453,9258.871696,12015786.78,2823188.23,14838975.01,0,11-City: Large,2-No,NA,NA,NA,4130 Albemarle St. NW,Washington,20016
DC,2023-2024,1,433,District of Columbia Public Schools,Jefferson Middle School Academy,1100030,1100030,09200100130100,110003000453,406,06-08,3,406,21492.97333,4328.012709,25820.98603,15828.04209,734.0722414,16562.11433,5664.931232,3593.940468,9258.8717,8726147.17,1757173.16,10483320.33,0,11-City: Large,2-No,NA,NA,NA,801 7th St. SW,Washington,20024
DC,2023-2024,1,336,District of Columbia Public Schools,John Lewis Elementary School,1100030,1100030,09200100130100,110003000067,493,PK-05,2,493,18744.31596,4079.788803,22824.10477,13079.38473,485.8483367,13565.23306,5664.931237,3593.940467,9258.871704,9240947.77,2011335.88,11252283.65,0,11-City: Large,2-No,NA,NA,NA,1335 Farragut St NW,Washington,20011
DC,2023-2024,1,416,District of Columbia Public Schools,Johnson Middle School,1100030,1100030,09200100130100,110003000144,297,06-08,3,297,21358.23869,4744.088249,26102.32694,15693.30744,1150.147778,16843.45522,5664.931246,3593.940471,9258.871717,6343396.89,1408994.21,7752391.1,0,11-City: Large,2-No,NA,NA,NA,1400 Bruce Pl. SE,Washington,20020
DC,2023-2024,1,421,District of Columbia Public Schools,Kelly Miller Middle School,1100030,1100030,09200100130100,110003000272,289,06-08,3,289,26235.63225,4980.078062,31215.71031,20570.701,1386.137612,21956.83862,5664.931246,3593.94045,9258.871696,7582097.72,1439242.56,9021340.28,0,11-City: Large,2-No,NA,NA,NA,301 49th St. NE,Washington,20019
DC,2023-2024,1,257,District of Columbia Public Schools,Ketcham Elementary School,1100030,1100030,09200100130100,110003000176,250,PK-05,2,250,25588.90496,4942.84164,30531.7466,19923.97372,1348.90116,21272.87488,5664.93124,3593.94048,9258.87172,6397226.24,1235710.41,7632936.65,0,11-City: Large,2-No,NA,NA,NA,1919 15th St. SE,Washington,20020
DC,2023-2024,1,272,District of Columbia Public Schools,Key Elementary School,1100030,1100030,09200100130100,110003000174,347,PK-05,2,347,20797.61565,4047.705677,24845.32133,15132.68441,453.7652161,15586.44963,5664.931239,3593.940461,9258.8717,7216772.63,1404553.87,8621326.5,0,11-City: Large,2-No,NA,NA,NA,5001 Dana Pl. NW,Washington,20016
DC,2023-2024,1,259,District of Columbia Public Schools,Kimball Elementary School,1100030,1100030,09200100130100,110003000173,374,PK-05,2,374,22451.85848,4499.705642,26951.56412,16786.92725,905.7651872,17692.69243,5664.93123,3593.940455,9258.871684,8396995.07,1682889.91,10079884.98,0,11-City: Large,2-No,NA,NA,NA,3375 Minnesota Ave. SE,Washington,20019
DC,2023-2024,1,344,District of Columbia Public Schools,King Elementary School,1100030,1100030,09200100130100,110003000102,202,PK-05,2,202,28151.73886,4836.549604,32988.28847,22486.80762,1242.609158,23729.41678,5664.931238,3593.940446,9258.871683,5686651.25,976983.02,6663634.27,0,11-City: Large,2-No,NA,NA,NA,3200 6th St. SE,Washington,20032
DC,2023-2024,1,417,District of Columbia Public Schools,Kramer Middle School,1100030,1100030,09200100130100,110003000143,197,06-08,3,197,32926.3632,5020.25269,37946.61589,27261.43198,1426.312234,28687.74421,5664.931218,3593.940457,9258.871675,6486493.55,988989.78,7475483.33,0,11-City: Large,2-No,NA,NA,NA,1700 Q St. SE,Washington,20020
DC,2023-2024,1,261,District of Columbia Public Schools,Lafayette Elementary School,1100030,1100030,09200100130100,110003000045,933,PK-05,2,933,16815.96607,4193.684877,21009.65094,11151.03482,599.7444159,11750.77924,5664.931243,3593.940461,9258.871704,15689296.34,3912707.99,19602004.33,0,11-City: Large,2-No,NA,NA,NA,5701 Broad Branch Rd. NW,Washington,20015
DC,2023-2024,1,262,District of Columbia Public Schools,Langdon Elementary School,1100030,1100030,09200100130100,110003000044,390,PK-05,2,390,21307.03685,4521.461667,25828.49851,15642.10562,927.5212051,16569.62682,5664.931231,3593.940462,9258.871692,8309744.37,1763370.05,10073114.42,0,11-City: Large,2-No,NA,NA,NA,1900 Evarts St. NE,Washington,20018
DC,2023-2024,1,370,District of Columbia Public Schools,Langley Elementary School,1100030,1100030,09200100130100,110003000445,348,PK-05,2,348,22696.85115,4297.22819,26994.07934,17031.91991,703.2877299,17735.20764,5664.931236,3593.94046,9258.871695,7898504.2,1495435.41,9393939.61,0,11-City: Large,2-No,NA,NA,NA,101 T Street NE,Washington,20002
DC,2023-2024,1,264,District of Columbia Public Schools,LaSalle-Backus Elementary School,1100030,1100030,09200100130100,110003000042,261,PK-05,2,261,34651.69368,4643.071303,39294.76498,28986.76245,1049.130843,30035.8933,5664.931226,3593.94046,9258.871686,9044092.05,1211841.61,10255933.66,0,11-City: Large,2-No,NA,NA,NA,501 Riggs Rd. NE,Washington,20011
DC,2023-2024,1,291,District of Columbia Public Schools,Lawrence E. Boone Elementary School,1100030,1100030,09200100130100,110003000161,436,PK-05,2,436,21229.85415,4527.001789,25756.85594,15564.92291,933.0613303,16497.98424,5664.931239,3593.940459,9258.871697,9256216.41,1973772.78,11229989.19,0,11-City: Large,2-No,NA,NA,NA,2200 Minnesota Ave. SE,Washington,20020
DC,2023-2024,1,266,District of Columbia Public Schools,Leckie Education Campus,1100030,1100030,09200100130100,110003000041,458,PK-08,3,458,22451.65777,4571.002642,27022.66041,16786.72653,977.0621834,17763.78871,5664.931245,3593.940459,9258.871703,10282859.26,2093519.21,12376378.47,0,11-City: Large,2-No,NA,NA,NA,4201 M.L. King Ave. SW,Washington,20032
DC,2023-2024,1,202,District of Columbia Public Schools,Lorraine H. Whitlock Elementary School,1100030,1100030,09200100130100,110003000122,146,PK-05,2,146,34000.18986,5569.603767,39569.79363,28335.25863,1975.663288,30310.92192,5664.931233,3593.940479,9258.871712,4964027.72,813162.15,5777189.87,0,11-City: Large,2-No,NA,NA,NA,1300 44th St. NE,Washington,20019
DC,2023-2024,1,271,District of Columbia Public Schools,Ludlow-Taylor Elementary School,1100030,1100030,09200100130100,110003000037,488,PK-05,2,488,18226.35531,3885.029488,22111.3848,12561.42406,291.0890369,12852.51309,5664.93125,3593.940451,9258.871701,8894461.39,1895894.39,10790355.78,0,11-City: Large,2-No,NA,NA,NA,659 G St. NE,Washington,20002
DC,2023-2024,1,884,District of Columbia Public Schools,Luke C. Moore High School,1100030,1100030,09200100130100,110003000198,264,09-12,4,264,25642.00822,4693.927765,30335.93598,19977.07697,1099.987311,21077.06428,5664.93125,3593.940455,9258.871705,6769490.17,1239196.93,8008687.1,0,11-City: Large,2-No,NA,NA,NA,1001 Monroe St. NE,Washington,20017
DC,2023-2024,1,1294,District of Columbia Public Schools,MacArthur High School,1100030,1100030,09200100130100,110003000780,238,09-10,4,238,10986.07765,3609.906849,14595.9845,5321.146387,15.96638655,5337.112773,5664.931261,3593.940462,9258.871723,2614686.48,859157.83,3473844.31,0,11-City: Large,2-No,NA,NA,NA,4530 MacArthur Blvd NW,Washington,20007
DC,2023-2024,1,420,District of Columbia Public Schools,MacFarland Middle School,1100030,1100030,09200100130100,110003000511,499,06-08,3,499,24971.66603,4524.494689,29496.16072,19306.73479,930.5542285,20237.28902,5664.931242,3593.940461,9258.871703,12460861.35,2257722.85,14718584.2,0,11-City: Large,2-No,NA,NA,NA,4400 Iowa Ave. NW,Washington,20011
DC,2023-2024,1,308,District of Columbia Public Schools,Malcolm X Elementary School @ Green,1100030,1100030,09200100130100,110003000036,200,PK-05,2,200,30973.6558,4734.7804,35708.4362,25308.72455,1140.83995,26449.5645,5664.93125,3593.94045,9258.8717,6194731.16,946956.08,7141687.24,0,11-City: Large,2-No,NA,NA,NA,1500 Mississippi Ave. SE,Washington,20032
DC,2023-2024,1,273,District of Columbia Public Schools,Mann Elementary School,1100030,1100030,09200100130100,110003000035,394,PK-05,2,394,23045.98584,3929.174873,26975.16071,17381.05459,335.2344162,17716.28901,5664.931244,3593.940457,9258.871701,9080118.42,1548094.9,10628213.32,0,11-City: Large,2-No,NA,NA,NA,4430 Newark St. NW,Washington,20016
DC,2023-2024,1,284,District of Columbia Public Schools,Marie Reed Elementary School,1100030,1100030,09200100130100,110003000032,452,PK-05,2,452,26438.00077,4095.786792,30533.78757,20773.06954,501.8463274,21274.91586,5664.931239,3593.940465,9258.871704,11949976.35,1851295.63,13801271.98,0,11-City: Large,2-No,NA,NA,NA,2201 18th St. NW,Washington,20009
DC,2023-2024,1,274,District of Columbia Public Schools,Maury Elementary School,1100030,1100030,09200100130100,110003000034,549,PK-05,2,549,16959.57448,3899.465883,20859.04036,11294.64324,305.5254281,11600.16867,5664.931239,3593.940455,9258.871694,9310806.39,2140806.77,11451613.16,0,11-City: Large,2-No,NA,NA,NA,1250 Constitution Ave. NE,Washington,20002
DC,2023-2024,1,435,District of Columbia Public Schools,McKinley Middle School,1100030,1100030,09200100130100,110003000470,263,06-08,3,263,23658.2462,4766.657947,28424.90414,17993.31494,1172.71749,19166.03243,5664.931255,3593.940456,9258.871711,6222118.75,1253631.04,7475749.79,0,11-City: Large,2-No,NA,NA,NA,151 T. St. NE,Washington,20002
DC,2023-2024,1,458,District of Columbia Public Schools,McKinley Technology High School,1100030,1100030,09200100130100,110003000267,704,09-12,4,704,25738.12994,4500.2775,30238.40744,20073.19871,906.3370455,20979.53575,5664.931236,3593.940455,9258.87169,18119643.48,3168195.36,21287838.84,0,11-City: Large,2-No,NA,NA,NA,151 T St. NE,Washington,20002
DC,2023-2024,1,1165,District of Columbia Public Schools,Military Road Early Learning Center,1100030,1100030,09200100130100,110003000540,67,PK-PK,1,67,39147.62388,5212.618806,44360.24269,33482.69269,1618.678358,35101.37104,5664.931194,3593.940448,9258.871642,2622890.8,349245.46,2972136.26,1,11-City: Large,2-No,NA,NA,NA,1375 Missouri Ave NW,Washington,20011
DC,2023-2024,1,280,District of Columbia Public Schools,Miner Elementary School,1100030,1100030,09200100130100,110003000004,410,PK-05,2,410,35156.34256,5039.695415,40196.03798,29491.41132,1445.754951,30937.16627,5664.931244,3593.940463,9258.871707,14414100.45,2066275.12,16480375.57,1,11-City: Large,2-No,NA,NA,NA,601 15th St. NE,Washington,20002
DC,2023-2024,1,285,District of Columbia Public Schools,Moten Elementary School,1100030,1100030,09200100130100,110003000002,238,PK-05,2,238,31750.23374,4764.065168,36514.29891,26085.30248,1170.124706,27255.42718,5664.931261,3593.940462,9258.871723,7556555.63,1133847.51,8690403.14,0,11-City: Large,2-No,NA,NA,NA,1565 Morris Rd. SE,Washington,20020
DC,2023-2024,1,287,District of Columbia Public Schools,Murch Elementary School,1100030,1100030,09200100130100,110003000001,636,PK-05,2,636,19271.60986,3780.145566,23051.75542,13606.67862,186.2051101,13792.88373,5664.931242,3593.940456,9258.871698,12256743.87,2404172.58,14660916.45,0,11-City: Large,2-No,NA,NA,NA,4810 36th St. NW,Washington,20008
DC,2023-2024,1,288,District of Columbia Public Schools,Nalle Elementary School,1100030,1100030,09200100130100,110003000163,307,PK-05,2,307,23923.34179,4537.529316,28460.87111,18258.41055,943.5888599,19201.99941,5664.931238,3593.940456,9258.871694,7344465.93,1393021.5,8737487.43,0,11-City: Large,2-No,NA,NA,NA,219 50th St. SE,Washington,20019
DC,2023-2024,1,290,District of Columbia Public Schools,Noyes Elementary School,1100030,1100030,09200100130100,110003000164,288,PK-05,2,288,22321.3825,4660.772535,26982.15503,16656.45125,1066.832083,17723.28333,5664.93125,3593.940451,9258.871701,6428558.16,1342302.49,7770860.65,0,11-City: Large,2-No,NA,NA,NA,2725 10th St. NE,Washington,20018
DC,2023-2024,1,292,District of Columbia Public Schools,Oyster-Adams Bilingual School,1100030,1100030,09200100130100,110003000160,781,PK-08,3,781,19535.8353,4419.949706,23955.78501,13870.90406,826.0092446,14696.9133,5664.931242,3593.940461,9258.871703,15257487.37,3451980.72,18709468.09,0,11-City: Large,2-No,NA,NA,NA,2801 Calvert St. NW and 2501 11th St. NW,Washington,20008
DC,2023-2024,1,294,District of Columbia Public Schools,Patterson Elementary School,1100030,1100030,09200100130100,110003000158,253,PK-05,2,253,31436.4447,4949.110158,36385.55486,25771.51348,1355.169684,27126.68316,5664.931225,3593.940474,9258.8717,7953420.51,1252124.87,9205545.38,0,11-City: Large,2-No,NA,NA,NA,4399 South Capitol Terr. SW,Washington,20032
DC,2023-2024,1,295,District of Columbia Public Schools,Payne Elementary School,1100030,1100030,09200100130100,110003000157,376,PK-05,2,376,21975.11984,4363.057207,26338.17705,16310.18859,769.1167553,17079.30535,5664.93125,3593.940452,9258.871702,8262645.06,1640509.51,9903154.57,0,11-City: Large,2-No,NA,NA,NA,1445 C St. SE,Washington,20003
DC,2023-2024,1,301,District of Columbia Public Schools,Peabody Elementary School (Capitol Hill Cluster),1100030,1100030,09200100130100,110003000156,215,PK-K,1,215,19556.02367,4144.719907,23700.74358,13891.09242,550.7794419,14441.87186,5664.931256,3593.940465,9258.871721,4204545.09,891114.78,5095659.87,0,11-City: Large,2-No,NA,NA,NA,425 C St. NE,Washington,20002
DC,2023-2024,1,478,District of Columbia Public Schools,"Phelps Architecture, Construction and Engineering High School",1100030,1100030,09200100130100,110003000407,310,09-12,4,310,26714.58348,4631.931323,31346.51481,21049.65223,1037.990871,22087.6431,5664.931258,3593.940452,9258.87171,8281520.88,1435898.71,9717419.59,0,11-City: Large,2-No,NA,NA,NA,704 26th St. NE,Washington,20002
DC,2023-2024,1,299,District of Columbia Public Schools,Plummer Elementary School,1100030,1100030,09200100130100,110003000126,224,PK-05,2,224,25685.78125,4722.517232,30408.29848,20020.85,1128.576786,21149.42679,5664.93125,3593.940446,9258.871696,5753615,1057843.86,6811458.86,0,11-City: Large,2-No,NA,NA,NA,4601 Texas Ave. SE,Washington,20019
DC,2023-2024,1,300,District of Columbia Public Schools,Powell Elementary School,1100030,1100030,09200100130100,110003000125,497,PK-05,2,497,23763.01845,3978.70672,27741.72517,18098.0872,384.7662575,18482.85346,5664.931247,3593.940463,9258.87171,11810220.17,1977417.24,13787637.41,0,11-City: Large,2-No,NA,NA,NA,1350 Upshur St. NW,Washington,20011
DC,2023-2024,1,7000,District of Columbia Public Schools,Private Religious School Enrollment,1100030,1100030,NA,NA,NA,NA,NA,NA,NRD,NRD,NRD,NRD,NRD,NRD,NRD,NRD,NRD,NRD,NRD,0,1,NA,NA,NA,NA,NA,NA,NA,NA
DC,2023-2024,1,316,District of Columbia Public Schools,Randle Highlands Elementary School,1100030,1100030,09200100130100,110003000029,300,PK-05,2,300,25421.1092,4574.007233,29995.11643,19756.17797,980.0667667,20736.24473,5664.931233,3593.940467,9258.8717,7626332.76,1372202.17,8998534.93,0,11-City: Large,2-No,NA,NA,NA,1650 30th St. SE,Washington,20020
DC,2023-2024,1,302,District of Columbia Public Schools,Raymond Elementary School,1100030,1100030,09200100130100,110003000033,400,PK-05,2,400,26906.18388,4331.586275,31237.77015,21241.25263,737.645825,21978.89845,5664.93125,3593.94045,9258.8717,10762473.55,1732634.51,12495108.06,0,11-City: Large,2-No,NA,NA,NA,915 Spring Rd. NW,Washington,20010
DC,2023-2024,1,472,District of Columbia Public Schools,Residential Schools,1100030,1100030,NA,NA,NA,NA,NA,NA,NRD,NRD,NRD,NRD,NRD,NRD,NRD,NRD,NRD,NRD,NRD,0,1,NA,NA,NA,NA,NA,NA,NA,NA
DC,2023-2024,1,8100,District of Columbia Public Schools,Resolution,1100030,1100030,NA,NA,NA,NA,NA,NA,NRD,NRD,NRD,NRD,NRD,NRD,NRD,NRD,NRD,NRD,NRD,0,1,NA,NA,NA,NA,NA,NA,NA,NA
DC,2023-2024,1,304,District of Columbia Public Schools,River Terrace Education Campus,1100030,1100030,09200100130100,110003000506,120,03-12,4,120,55655.65667,5145.244583,60800.90125,49990.72542,1551.304083,51542.0295,5664.93125,3593.9405,9258.87175,6678678.8,617429.35,7296108.15,1,11-City: Large,2-No,NA,NA,NA,405 Anacostia Ave. NE,Washington,20019
DC,2023-2024,1,436,District of Columbia Public Schools,Ron Brown College Preparatory High School,1100030,1100030,09200100130100,110003000512,161,09-12,4,161,42580.05472,7739.567267,50319.62199,36915.12348,4145.626832,41060.75031,5664.931242,3593.940435,9258.871677,6855388.81,1246070.33,8101459.14,1,11-City: Large,2-No,NA,NA,NA,4800 Meade St. NE,Washington,20019
DC,2023-2024,1,459,District of Columbia Public Schools,Roosevelt High School,1100030,1100030,09200100130100,110003000008,908,09-12,4,908,26871.3354,4826.032423,31697.36782,21206.40415,1232.09196,22438.49611,5664.931244,3593.940463,9258.871707,24399172.54,4382037.44,28781209.98,0,11-City: Large,2-No,NA,NA,NA,4301 13th St. NW,Washington,20011
DC,2023-2024,1,456,District of Columbia Public Schools,Roosevelt STAY High School,1100030,1100030,09200100130100,110003000264,407,09-12,4,703,18537.42744,4100.382987,22637.81043,12872.4962,506.442532,13378.93873,5664.931238,3593.940455,9258.871693,13031811.49,2882569.24,15914380.73,1,11-City: Large,2-No,NA,NA,NA,2001 10th St NW,Washington,20001
DC,2023-2024,1,305,District of Columbia Public Schools,Ross Elementary School,1100030,1100030,09200100130100,110003000027,182,PK-05,2,182,21366.98236,4280.619725,25647.60209,15702.0511,686.6792857,16388.73038,5664.931264,3593.94044,9258.871703,3888790.79,779072.79,4667863.58,0,11-City: Large,2-No,NA,NA,NA,1730 R St. NW,Washington,20009
DC,2023-2024,1,307,District of Columbia Public Schools,Savoy Elementary School,1100030,1100030,09200100130100,110003000025,199,PK-05,2,199,26770.85226,4854.946633,31625.79889,21105.92101,1261.006181,22366.92719,5664.931256,3593.940452,9258.871709,5327399.6,966134.38,6293533.98,0,11-City: Large,2-No,NA,NA,NA,2400 Shannon Pl. SE,Washington,20020
DC,2023-2024,1,409,District of Columbia Public Schools,School Without Walls @ Francis-Stevens,1100030,1100030,09200100130100,110003000149,529,PK-08,3,529,20738.50662,4197.872231,24936.37885,15073.57537,603.9317769,15677.50715,5664.931248,3593.940454,9258.871701,10970670,2220674.41,13191344.41,0,11-City: Large,2-No,NA,NA,NA,800 Euclid St. NW,Washington,20001
DC,2023-2024,1,466,District of Columbia Public Schools,School Without Walls High School,1100030,1100030,09200100130100,110003000131,599,09-12,4,599,29658.56564,3825.88626,33484.4519,23993.63441,231.945793,24225.5802,5664.931235,3593.940467,9258.871703,17765480.82,2291705.87,20057186.69,0,11-City: Large,2-No,NA,NA,NA,2130 G St. NW,Washington,20037
DC,2023-2024,1,175,District of Columbia Public Schools,School-Within-School @ Goding,1100030,1100030,09200100130100,110003000466,325,PK-05,2,325,23468.75852,4052.769477,27521.528,17803.82729,458.8290154,18262.65631,5664.931231,3593.940462,9258.871692,7627346.52,1317150.08,8944496.6,0,11-City: Large,2-No,NA,NA,NA,920 F St. NW,Washington,20002
DC,2023-2024,1,309,District of Columbia Public Schools,Seaton Elementary School,1100030,1100030,09200100130100,110003000024,377,PK-05,2,377,24551.06183,4227.05557,28778.1174,18886.13058,633.1151194,19519.2457,5664.931247,3593.940451,9258.871698,9255750.31,1593599.95,10849350.26,0,11-City: Large,2-No,NA,NA,NA,1503 10th St. NW,Washington,20001
DC,2023-2024,1,313,District of Columbia Public Schools,Shepherd Elementary School,1100030,1100030,09200100130100,110003000030,363,PK-05,2,363,20694.14289,3944.831901,24638.97479,15029.21165,350.8914325,15380.10309,5664.93124,3593.940468,9258.871708,7511973.87,1431973.98,8943947.85,0,11-City: Large,2-No,NA,NA,NA,7800 14th St NW,Washington,20012
DC,2023-2024,1,315,District of Columbia Public Schools,Simon Elementary School,1100030,1100030,09200100130100,110003000054,207,PK-05,2,207,27867.59787,5054.119275,32921.71715,22202.66662,1460.178792,23662.84541,5664.931256,3593.940483,9258.871739,5768592.76,1046202.69,6814795.45,0,11-City: Large,2-No,NA,NA,NA,401 Mississippi Ave. SE,Washington,20032
DC,2023-2024,1,322,District of Columbia Public Schools,Smothers Elementary School,1100030,1100030,09200100130100,110003000064,232,PK-05,2,232,26577.29181,4602.029569,31179.32138,20912.36056,1008.089095,21920.44966,5664.93125,3593.940474,9258.871724,6165931.7,1067670.86,7233602.56,0,11-City: Large,2-No,NA,NA,NA,4400 Brooks St. NE,Washington,20019
DC,2023-2024,1,427,District of Columbia Public Schools,Sousa Middle School,1100030,1100030,09200100130100,110003000019,229,06-08,3,229,30570.87541,4896.674847,35467.55026,24905.94419,1302.734367,26208.67856,5664.931223,3593.94048,9258.871703,7000730.47,1121338.54,8122069.01,0,11-City: Large,2-No,NA,NA,NA,3650 Ely Pl. SE,Washington,20019
DC,2023-2024,1,319,District of Columbia Public Schools,Stanton Elementary School,1100030,1100030,09200100130100,110003000013,306,PK-05,2,306,27020.75288,4959.18781,31979.94069,21355.82163,1365.247353,22721.06899,5664.931242,3593.940458,9258.871699,8268350.38,1517511.47,9785861.85,0,11-City: Large,2-No,NA,NA,NA,2701 Naylor Rd. SE,Washington,20020
DC,2023-2024,1,321,District of Columbia Public Schools,Stoddert Elementary School,1100030,1100030,09200100130100,110003000050,447,PK-05,2,447,20948.17251,3972.022416,24920.19492,15283.24125,378.0819463,15661.3232,5664.931253,3593.94047,9258.871723,9363833.11,1775494.02,11139327.13,0,11-City: Large,2-No,NA,NA,NA,4001 Calvert St. NW,Washington,20007
DC,2023-2024,1,428,District of Columbia Public Schools,Stuart-Hobson Middle School (Capitol Hill Cluster),1100030,1100030,09200100130100,110003000191,453,06-08,3,453,22114.03406,4307.166269,26421.20033,16449.10283,713.2258057,17162.32863,5664.931236,3593.940464,9258.8717,10017657.43,1951146.32,11968803.75,0,11-City: Large,2-No,NA,NA,NA,410 E St. NE,Washington,20002
DC,2023-2024,1,324,District of Columbia Public Schools,Takoma Elementary School,1100030,1100030,09200100130100,110003000011,483,PK-05,2,483,24536.59447,4205.939689,28742.53416,18871.66323,611.999234,19483.66246,5664.931242,3593.940455,9258.871698,11851175.13,2031468.87,13882644,0,11-City: Large,2-No,NA,NA,NA,7010 Piney Branch Rd. NW,Washington,20012
DC,2023-2024,1,1142,District of Columbia Public Schools,Thaddeus Stevens Early Learning Center,1100030,1100030,09200100130100,110003000531,86,PK-PK,1,86,41509.02512,4855.003837,46364.02895,35844.09384,1261.063372,37105.15721,5664.931279,3593.940465,9258.871744,3569776.16,417530.33,3987306.49,1,11-City: Large,2-No,NA,NA,NA,1050 21st Street NW,Washington,20036
DC,2023-2024,1,325,District of Columbia Public Schools,Thomas Elementary School,1100030,1100030,09200100130100,110003000049,275,PK-05,2,275,25796.80284,5056.635055,30853.43789,20131.8716,1462.694582,21594.56618,5664.931236,3593.940473,9258.871709,7094120.78,1390574.64,8484695.42,0,11-City: Large,2-No,NA,NA,NA,650 Anacostia Ave. NE,Washington,20019
DC,2023-2024,1,326,District of Columbia Public Schools,Thomson Elementary School,1100030,1100030,09200100130100,110003000076,253,PK-05,2,253,26319.82696,4470.975652,30790.80261,20654.89573,877.0351779,21531.93091,5664.931225,3593.940474,9258.8717,6658916.22,1131156.84,7790073.06,0,11-City: Large,2-No,NA,NA,NA,1200 L St. NW,Washington,20005
DC,2023-2024,1,327,District of Columbia Public Schools,Truesdell Elementary School,1100030,1100030,09200100130100,110003000075,384,PK-05,2,384,25432.33333,4512.836458,29945.16979,19767.40208,918.8959896,20686.29807,5664.93125,3593.940469,9258.871719,9766016,1732929.2,11498945.2,0,11-City: Large,2-No,NA,NA,NA,800 Ingraham St. NW,Washington,20011
DC,2023-2024,1,328,District of Columbia Public Schools,Tubman Elementary School,1100030,1100030,09200100130100,110003000074,560,PK-05,2,560,23474.68329,4592.496661,28067.17995,17809.75204,998.5561964,18808.30823,5664.93125,3593.940464,9258.871714,13145822.64,2571798.13,15717620.77,0,11-City: Large,2-No,NA,NA,NA,3101 13th St. NW,Washington,20010
DC,2023-2024,1,465,District of Columbia Public Schools,Tuition Grant DCPS Non Public,1100030,1100030,NA,NA,NA,NA,NA,NA,NRD,NRD,NRD,NRD,NRD,NRD,NRD,NRD,NRD,NRD,NRD,0,1,NA,NA,NA,NA,NA,NA,NA,NA
DC,2023-2024,1,329,District of Columbia Public Schools,Turner Elementary School,1100030,1100030,09200100130100,110003000073,452,PK-05,2,452,22737.32903,4682.922965,27420.25199,17072.39779,1088.9825,18161.38029,5664.931239,3593.940465,9258.871704,10277272.72,2116681.18,12393953.9,0,11-City: Large,2-No,NA,NA,NA,3264 Stanton Rd. SE,Washington,20032
DC,2023-2024,1,330,District of Columbia Public Schools,Tyler Elementary School,1100030,1100030,09200100130100,110003000072,565,PK-05,2,565,19774.48488,4185.677327,23960.16221,14109.55365,591.7368673,14701.29051,5664.931239,3593.94046,9258.871699,11172583.96,2364907.69,13537491.65,0,11-City: Large,2-No,NA,NA,NA,1001 G St. SE,Washington,20003
DC,2023-2024,1,331,District of Columbia Public Schools,Van Ness Elementary School,1100030,1100030,09200100130100,110003000505,392,PK-05,2,392,17862.5073,4976.849439,22839.35673,12197.57605,1382.90898,13580.48503,5664.93125,3593.940459,9258.871709,7002102.86,1950924.98,8953027.84,0,11-City: Large,2-No,NA,NA,NA,1150 5th St SE,Washington,20003
DC,2023-2024,1,332,District of Columbia Public Schools,Walker-Jones Education Campus,1100030,1100030,09200100130100,110003000070,313,PK-08,3,313,25814.76645,4675.649329,30490.41578,20149.83521,1081.708882,21231.54409,5664.931246,3593.940447,9258.871693,8080021.9,1463478.24,9543500.14,0,11-City: Large,2-No,NA,NA,NA,1125 New Jersey Ave. NW,Washington,20001
DC,2023-2024,1,333,District of Columbia Public Schools,Watkins Elementary School (Capitol Hill Cluster),1100030,1100030,09200100130100,110003000048,397,01-05,2,397,17835.56423,4326.421637,22161.98587,12170.633,732.4811839,12903.11418,5664.931234,3593.940453,9258.871688,7080719,1717589.39,8798308.39,0,11-City: Large,2-No,NA,NA,NA,420 12th St. SE,Washington,20003
DC,2023-2024,1,335,District of Columbia Public Schools,Wheatley Education Campus,1100030,1100030,09200100130100,110003000068,361,PK-08,3,361,22036.47343,4462.422355,26498.89579,16371.54219,868.4818837,17240.02407,5664.931247,3593.940471,9258.871717,7955166.91,1610934.47,9566101.38,0,11-City: Large,2-No,NA,NA,NA,1299 Neal St. NE,Washington,20002
DC,2023-2024,1,338,District of Columbia Public Schools,Whittier Elementary School,1100030,1100030,09200100130100,110003000065,413,PK-05,2,413,23941.11632,4531.994867,28473.11119,18276.18508,938.0544068,19214.23949,5664.931235,3593.94046,9258.871695,9887681.04,1871713.88,11759394.92,0,11-City: Large,2-No,NA,NA,NA,6201 5th St. NW,Washington,20011
DC,2023-2024,4002,1214,DYRS,Maya Angelou Academy @ Youth Services Center,1100087,1100087,NA,110008700547,0,06-12,4,73,0,0,0,0,0,0,0,0,0,0,0,0,1,11-City: Large,2-No,NA,NA,NA,1000 Mount Olivet Road NE,Washington,20002
DC,2023-2024,4002,860,DYRS,Maya Angelou Academy at New Beginnings formerly Oak Hill,1100087,1100087,NA,110008700213,36,07-12,4,36,0,0,0,0,0,0,0,0,0,0,0,0,1,41-Rural: Fringe,2-No,NA,NA,NA,8400 River Rd,Laurel,20724
DC,2023-2024,116,1206,E.L. Haynes PCS,E.L. Haynes PCS - Elementary School,1100043,1100043,NA,110004300472,357,PK-04,2,357,29008.92627,3642.266022,32651.1923,27610.78978,2584.65944,30195.44922,1398.136499,1057.606583,2455.743081,10356186.68,1300288.97,11656475.65,0,11-City: Large,1-Yes,NA,NA,NA,4501 KANSAS AVENUE NW,Washington,20011
DC,2023-2024,116,1138,E.L. Haynes PCS,E.L. Haynes PCS - High School,1100043,1100043,NA,110004300433,439,09-12,4,439,29420.10779,3207.937882,32628.04567,28002.15367,2276.44738,30278.60105,1417.954123,931.4905011,2349.444624,12915427.32,1408284.73,14323712.05,0,11-City: Large,1-Yes,NA,NA,NA,4501 KANSAS AVENUE NW,Washington,20011
DC,2023-2024,116,146,E.L. Haynes PCS,E.L. Haynes PCS - Middle School,1100043,1100043,NA,110004300274,377,05-08,3,377,28001.82607,3519.773448,31521.59952,26652.22854,2497.735093,29149.96363,1349.597533,1022.038355,2371.635889,10556688.43,1326954.59,11883643.02,0,11-City: Large,1-Yes,NA,NA,NA,3600 GEORGIA AVENUE NW,Washington,20010
DC,2023-2024,117,1125,Eagle Academy PCS,Eagle Academy PCS - Capitol Riverfront,1100049,1100049,NA,110004900434,123,PK-03,2,123,0,0,0,0,0,0,0,0,0,0,0,0,1,11-City: Large,1-Yes,NA,NA,NA,1900 HALF STREET SW,Washington,20536
DC,2023-2024,117,195,Eagle Academy PCS,Eagle Academy PCS - Congress Heights,1100049,1100049,NA,110004900278,269,PK-03,2,269,0,0,0,0,0,0,0,0,0,0,0,0,1,11-City: Large,1-Yes,NA,NA,NA,3400 WHEELER ROAD SE,Washington,20032
DC,2023-2024,118,138,Early Childhood Academy PCS,Early Childhood Academy PCS,1100057,1100057,NA,110005700431,247,PK-03,2,247,31189.95142,4032.65587,35222.60729,31189.95142,4032.65587,35222.60729,0,0,0,7703918,996066,8699984,0,11-City: Large,1-Yes,NA,NA,NA,885 BARNABY STREET SE,Washington,20032
DC,2023-2024,144,159,Elsie Whitlow Stokes Community Freedom PCS,Elsie Whitlow Stokes Community Freedom PCS - Brookland,1100009,1100009,NA,110000900223,351,PK-05,2,351,23331.17094,1336.988604,24668.15954,23331.17094,1336.988604,24668.15954,0,0,0,8189241,469283,8658524,0,11-City: Large,1-Yes,NA,NA,NA,3700 OAKVIEW TERRACE NE,Washington,20017
DC,2023-2024,144,1059,Elsie Whitlow Stokes Community Freedom PCS,Elsie Whitlow Stokes Community Freedom PCS - East End,1100009,1100009,NA,110000900520,342,PK-05,2,342,24593.81287,1001.05848,25594.87135,24593.81287,1001.05848,25594.87135,0,0,0,8411084,342362,8753446,0,11-City: Large,1-Yes,NA,NA,NA,5600 EAST CAPITOL STREET NE,Washington,20019
DC,2023-2024,120,269,Friendship PCS,Friendship PCS - Armstrong Elementary,1100008,1100008,NA,110000800497,245,PK-03,2,245,27791.49612,5354.802163,33146.29829,24207.73824,4307.378898,28515.11714,3583.757878,1047.423265,4631.181143,6808916.55,1311926.53,8120843.08,0,11-City: Large,1-Yes,NA,NA,NA,111 O STREET NW,Washington,20001
DC,2023-2024,120,1140,Friendship PCS,Friendship PCS - Armstrong Middle,1100008,1100008,NA,110000800526,198,04-08,3,198,27791.49611,5354.802172,33146.29828,24207.73823,4307.378939,28515.11717,3583.757879,1047.423232,4631.181111,5502716.23,1060250.83,6562967.06,0,11-City: Large,1-Yes,NA,NA,NA,111 O STREET NW,Washington,20001
DC,2023-2024,120,361,Friendship PCS,Friendship PCS - Blow Pierce Elementary,1100008,1100008,NA,110000800479,273,PK-03,2,273,27789.61597,4903.2537,32692.86967,24205.8581,3855.83044,28061.68853,3583.757875,1047.42326,4631.181136,7586565.16,1338588.26,8925153.42,0,11-City: Large,1-Yes,NA,NA,NA,725 19TH STREET NE,Washington,20002
DC,2023-2024,120,362,Friendship PCS,Friendship PCS - Blow Pierce Middle,1100008,1100008,NA,110000800478,237,04-08,3,237,27789.61595,4903.253671,32692.86962,24205.8581,3855.830422,28061.68852,3583.757848,1047.423249,4631.181097,6586138.98,1162071.12,7748210.1,0,11-City: Large,1-Yes,NA,NA,NA,725 19TH STREET NE,Washington,20002
DC,2023-2024,120,363,Friendship PCS,Friendship PCS - Chamberlain Elementary,1100008,1100008,NA,110000800480,274,PK-03,2,274,27827.91172,4886.816204,32714.72792,24244.15383,3839.392956,28083.54679,3583.757883,1047.423248,4631.181131,7624847.81,1338987.64,8963835.45,0,11-City: Large,1-Yes,NA,NA,NA,1345 POTOMAC AVENUE SE,Washington,20003
DC,2023-2024,120,364,Friendship PCS,Friendship PCS - Chamberlain Middle,1100008,1100008,NA,110000800483,303,04-08,3,303,27827.91168,4886.816172,32714.72785,24244.15383,3839.392937,28083.54677,3583.757855,1047.423234,4631.181089,8431857.24,1480705.3,9912562.54,0,11-City: Large,1-Yes,NA,NA,NA,1345 POTOMAC AVENUE SE,Washington,20003
DC,2023-2024,120,186,Friendship PCS,Friendship PCS - Collegiate Academy,1100008,1100008,NA,110000800338,715,09-12,4,715,28902.92055,4912.247063,33815.16761,25319.16267,3864.823818,29183.98649,3583.757874,1047.423245,4631.181119,20665588.19,3512256.65,24177844.84,0,11-City: Large,1-Yes,NA,NA,NA,4095 MINNESOTA AVENUE NE,Washington,20019
DC,2023-2024,120,1083,Friendship PCS,Friendship PCS - Ideal Elementary,1100008,1100008,NA,110000800530,218,PK-03,2,218,27858.58032,4883.523303,32742.10362,24274.82243,3836.100046,28110.92248,3583.75789,1047.423257,4631.181147,6073170.51,1064608.08,7137778.59,0,11-City: Large,1-Yes,NA,NA,NA,6130 NORTH CAPITOL STREET NW,Washington,20011
DC,2023-2024,120,1084,Friendship PCS,Friendship PCS - Ideal Middle,1100008,1100008,NA,110000800528,172,04-08,3,172,27858.58023,4883.523314,32742.10355,24274.82238,3836.100058,28110.92244,3583.757849,1047.423256,4631.181105,4791675.8,839966.01,5631641.81,0,11-City: Large,1-Yes,NA,NA,NA,6130 NORTH CAPITOL STREET NW,Washington,20011
DC,2023-2024,120,268,Friendship PCS,Friendship PCS - Online Academy,1100008,1100008,NA,110000800495,397,K-08,3,397,34599.47491,4925.60665,39525.08156,31015.71705,3878.183401,34893.90045,3583.757859,1047.423249,4631.181108,13735991.54,1955465.84,15691457.38,0,11-City: Large,1-Yes,NA,NA,NA,1351 NICHOLSON STREET NW,Washington,20011
DC,2023-2024,120,113,Friendship PCS,Friendship PCS - Southeast Elementary,1100008,1100008,NA,110000800382,368,PK-03,2,368,26934.65022,4887.154429,31821.80465,23350.89234,3839.731168,27190.62351,3583.75788,1047.423261,4631.181141,9911951.28,1798472.83,11710424.11,0,11-City: Large,1-Yes,NA,NA,NA,645 MILWAUKEE PLACE SE,Washington,20032
DC,2023-2024,120,1057,Friendship PCS,Friendship PCS - Southeast Middle,1100008,1100008,NA,110000800515,326,04-08,3,326,26934.65018,4887.154417,31821.8046,23350.89233,3839.731166,27190.6235,3583.757853,1047.423252,4631.181104,8780695.96,1593212.34,10373908.3,0,11-City: Large,1-Yes,NA,NA,NA,645 MILWAUKEE PLACE SE,Washington,20032
DC,2023-2024,120,1164,Friendship PCS,Friendship PCS - Technology Preparatory High School,1100008,1100008,NA,110000800496,327,09-12,4,327,29650.46566,4936.238899,34586.70456,26066.7078,3854.402813,29921.11061,3583.757859,1081.836086,4665.593945,9695702.27,1614150.12,11309852.39,0,11-City: Large,1-Yes,NA,NA,NA,2705 MARTIN LUTHER KING JR AVENUE SE,Washington,20032
DC,2023-2024,120,365,Friendship PCS,Friendship PCS - Woodridge International Elementary,1100008,1100008,NA,110000800482,244,PK-03,2,244,27881.07008,4888.681598,32769.75168,24297.31221,3841.258361,28138.57057,3583.757869,1047.423238,4631.181107,6802981.1,1192838.31,7995819.41,0,11-City: Large,1-Yes,NA,NA,NA,2959 CARLTON AVENUE NE,Washington,20018
DC,2023-2024,120,366,Friendship PCS,Friendship PCS - Woodridge International Middle,1100008,1100008,NA,110000800481,214,04-08,3,214,27881.07005,4888.681589,32769.75164,24297.3122,3841.258364,28138.57056,3583.75785,1047.423224,4631.181075,5966548.99,1046177.86,7012726.85,0,11-City: Large,1-Yes,NA,NA,NA,2959 CARLTON AVENUE NE,Washington,20018
DC,2023-2024,340,1146,Girls Global Academy PCS,Girls Global Academy PCS,1100113,1100113,NA,110011300537,210,09-12,4,210,29872.05714,1785.265,31657.32214,29872.05714,1785.265,31657.32214,0,0,0,6273132,374905.65,6648037.65,0,11-City: Large,1-Yes,NA,NA,NA,733 8TH STREET NW,Washington,20001
DC,2023-2024,357,1160,Global Citizens PCS,Global Citizens PCS,1100116,1100116,NA,110011600545,161,PK-01,1,161,25969.19807,1516.691491,27485.88957,25969.19807,1516.691491,27485.88957,0,0,0,4181040.89,244187.33,4425228.22,0,11-City: Large,1-Yes,NA,NA,NA,4095 MINNESOTA AVENUE NE,Washington,20019
DC,2023-2024,190,297,Goodwill Excel Center PCS,Goodwill Excel Center PCS,1100105,1100105,NA,110010500508,441,09-12,4,441,24989.20408,61.51020408,25050.71429,24989.20408,61.51020408,25050.71429,0,0,0,11020239,27126,11047365,0,11-City: Large,1-Yes,NA,NA,NA,1776 G STREET NW,Washington,20006
DC,2023-2024,180,245,Harmony DC PCS,Harmony DC PCS - School of Excellence,1100096,1100096,NA,110009600491,178,PK-05,2,178,26571.23309,4136.303652,30707.53674,26571.23309,4136.303652,30707.53674,0,0,0,4729679.49,736262.05,5465941.54,0,11-City: Large,1-Yes,NA,NA,NA,62 T STREET NE,Washington,20002
DC,2023-2024,121,114,Hope Community PCS,Hope Community PCS - Tolson,1100051,1100051,NA,110005100386,227,PK-08,3,227,25898.43031,10593.32542,36491.75573,25898.43031,10593.32542,36491.75573,0,0,0,5878943.68,2404684.87,8283628.55,0,11-City: Large,1-Yes,NA,NA,NA,2917 8TH STREET NE,Washington,20017
DC,2023-2024,124,115,Howard University Middle School of Mathematics and Science PCS,Howard University Middle School of Mathematics and Science PCS,1100058,1100058,NA,110005800308,253,06-08,3,253,32676.8,4725.541818,37402.34182,32676.8,4725.541818,37402.34182,0,0,0,8267230.4,1195562.08,9462792.48,0,11-City: Large,1-Yes,NA,NA,NA,405 HOWARD ROAD PLACE NW,Washington,20059
DC,2023-2024,345,1147,I Dream PCS,I Dream PCS,1100114,1100114,NA,110011400538,84,PK-05,2,84,32266.96333,5341.078929,37608.04226,32266.96333,5341.078929,37608.04226,0,0,0,2710424.92,448650.63,3159075.55,0,11-City: Large,1-Yes,NA,NA,NA,2220 BRANCH AVENUE SE,Washington,20020
DC,2023-2024,126,163,IDEA PCS,IDEA PCS,1100013,1100013,NA,110001300227,309,09-12,4,309,32834.32362,3203.996764,36038.32039,32834.32362,3203.996764,36038.32039,0,0,0,10145806,990035,11135841,0,11-City: Large,1-Yes,NA,NA,NA,1027 45TH STREET NE,Washington,20019
DC,2023-2024,173,200,Ingenuity Prep PCS,Ingenuity Prep PCS,1100090,1100090,NA,110009000460,792,PK-08,3,792,25533.32828,5674.704545,31208.03283,25533.32828,5674.704545,31208.03283,0,0,0,20222396,4494366,24716762,0,11-City: Large,1-Yes,NA,NA,NA,4600 LIVINGSTON ROAD SE,Washington,20032
DC,2023-2024,165,3064,Inspired Teaching Demonstration PCS,Inspired Teaching Demonstration PCS,1100080,1100080,NA,110008000437,522,PK-08,3,522,25795.41571,1004.195402,26799.61111,25795.41571,1004.195402,26799.61111,0,0,0,13465207,524190,13989397,0,11-City: Large,1-Yes,NA,NA,NA,200 DOUGLAS STREET NE,Washington,20002
DC,2023-2024,186,267,Kingsman Academy PCS,Kingsman Academy PCS,1100099,1100099,NA,110009900502,326,06-12,4,326,35396.16647,4041.468926,39437.6354,35396.16647,4041.468926,39437.6354,0,0,0,11539150.27,1317518.87,12856669.14,0,11-City: Large,1-Yes,NA,NA,NA,1375 E STREET NE,Washington,20002
DC,2023-2024,129,116,KIPP DC PCS,KIPP DC - AIM Academy PCS,1100031,1100031,NA,110003100381,435,05-08,3,435,22648.30246,5091.785218,27740.08768,18828.38407,4321.132207,23149.51628,3819.918391,770.6530115,4590.571402,9852011.57,2214926.57,12066938.14,0,11-City: Large,1-Yes,NA,NA,NA,2600 DOUGLASS ROAD SE,Washington,20020
DC,2023-2024,129,236,KIPP DC PCS,KIPP DC - Arts and Technology Academy PCS,1100031,1100031,NA,110003100489,270,PK-K,1,270,18501.47756,3168.210037,21669.68759,16138.7873,2691.546889,18830.33419,2362.690259,476.6631481,2839.353407,4995398.94,855416.71,5850815.65,0,11-City: Large,1-Yes,NA,NA,NA,5300 BLAINE STREET NE,Washington,20019
DC,2023-2024,129,1123,KIPP DC PCS,KIPP DC - College Preparatory PCS,1100031,1100031,NA,110003100421,696,09-12,4,696,27793.89749,3994.144914,31788.0424,23973.97909,3223.491897,27197.47099,3819.918391,770.6530172,4590.571408,19344552.65,2779924.86,22124477.51,0,11-City: Large,1-Yes,NA,NA,NA,1405 BRENTWOOD PARKWAY NE,Washington,20002
DC,2023-2024,129,209,KIPP DC PCS,KIPP DC - Connect Academy PCS,1100031,1100031,NA,110003100468,270,PK-K,1,270,23435.10496,6883.688593,30318.79356,19615.18656,6113.035593,25728.22215,3819.918407,770.653,4590.571407,6327478.34,1858595.92,8186074.26,0,11-City: Large,1-Yes,NA,NA,NA,1375 MOUNT OLIVET ROAD NE,Washington,20002
DC,2023-2024,129,1122,KIPP DC PCS,KIPP DC - Discover Academy PCS,1100031,1100031,NA,110003100427,319,PK-K,1,319,22283.55041,4760.151536,27043.70194,18463.63201,3989.498527,22453.13053,3819.918401,770.6530094,4590.571411,7108452.58,1518488.34,8626940.92,0,11-City: Large,1-Yes,NA,NA,NA,2600 DOUGLASS ROAD SE,Washington,20020
DC,2023-2024,129,1129,KIPP DC PCS,KIPP DC - Grow Academy PCS,1100031,1100031,NA,110003100432,236,PK-K,1,236,25123.30614,4862.565,29985.87114,21303.38775,4091.911992,25395.29975,3819.91839,770.6530085,4590.571398,5929100.25,1147565.34,7076665.59,0,11-City: Large,1-Yes,NA,NA,NA,421 P STREET NW,Washington,20001
DC,2023-2024,129,3071,KIPP DC PCS,KIPP DC - Heights Academy PCS,1100031,1100031,NA,110003100452,458,01-04,2,458,21819.45603,3550.027074,25369.4831,17999.53762,2779.374061,20778.91168,3819.918406,770.6530131,4590.571419,9993310.86,1625912.4,11619223.26,0,11-City: Large,1-Yes,NA,NA,NA,2600 DOUGLASS ROAD SE,Washington,20020
DC,2023-2024,129,1085,KIPP DC PCS,KIPP DC - Honor Academy PCS,1100031,1100031,NA,110003100522,334,05-08,3,334,22840.29476,4003.267156,26843.56192,19020.37638,3232.614132,22252.99051,3819.918383,770.653024,4590.571407,7628658.45,1337091.23,8965749.68,0,11-City: Large,1-Yes,NA,NA,NA,3301 WHEELER ROAD SE,Washington,20032
DC,2023-2024,129,1185,KIPP DC PCS,KIPP DC - Inspire Academy PCS,1100031,1100031,NA,110003100542,237,01-04,2,237,22921.99599,5632.731772,28554.72776,19102.07759,4862.078776,23964.15637,3819.918397,770.6529958,4590.571392,5432513.05,1334957.43,6767470.48,0,11-City: Large,1-Yes,NA,NA,NA,3301 WHEELER ROAD SE,Washington,20032
DC,2023-2024,129,189,KIPP DC PCS,KIPP DC - KEY Academy PCS,1100031,1100031,NA,110003100246,409,05-08,3,409,22469.21425,3860.265501,26329.47976,18649.29587,3089.612494,21738.90836,3819.918386,770.6530073,4590.571394,9189908.63,1578848.59,10768757.22,0,11-City: Large,1-Yes,NA,NA,NA,4801 BENNING ROAD SE,Washington,20019
DC,2023-2024,129,190,KIPP DC PCS,KIPP DC - Lead Academy PCS,1100031,1100031,NA,110003100463,370,01-04,2,370,23364.99973,4052.059486,27417.05922,19545.08132,3281.406486,22826.48781,3819.918405,770.653,4590.571405,8645049.9,1499262.01,10144311.91,0,11-City: Large,1-Yes,NA,NA,NA,421 P STREET NW,Washington,20001
DC,2023-2024,129,132,KIPP DC PCS,KIPP DC - LEAP Academy PCS,1100031,1100031,NA,110003100375,226,PK-PK,1,226,23569.19854,4556.895885,28126.09442,19766.18243,3789.652832,23555.83527,3803.016106,767.2430531,4570.259159,5326638.87,1029858.47,6356497.34,0,11-City: Large,1-Yes,NA,NA,NA,4801 BENNING ROAD SE,Washington,20019
DC,2023-2024,129,242,KIPP DC PCS,KIPP DC - Northeast Academy PCS,1100031,1100031,NA,110003100487,355,05-08,3,355,22678.63008,4339.669465,27018.29955,18858.71169,3569.016451,22427.72814,3819.918394,770.6530141,4590.571408,8050913.68,1540582.66,9591496.34,0,11-City: Large,1-Yes,NA,NA,NA,1375 MOUNT OLIVET ROAD NE,Washington,20002
DC,2023-2024,129,1177,KIPP DC PCS,KIPP DC - Pride Academy PCS,1100031,1100031,NA,110003100541,167,PK-K,1,167,31380.84168,9985.587605,41366.42928,25204.92569,8739.621677,33944.54737,6175.915988,1245.965928,7421.881916,5240600.56,1667593.13,6908193.69,1,11-City: Large,1-Yes,NA,NA,NA,3301 WHEELER ROAD SE,Washington,20032
DC,2023-2024,129,1121,KIPP DC PCS,KIPP DC - Promise Academy PCS,1100031,1100031,NA,110003100419,621,K-04,2,621,22772.7299,3492.868019,26265.59792,18952.81151,2722.215008,21675.02652,3819.91839,770.6530113,4590.571401,14141865.27,2169071.04,16310936.31,0,11-City: Large,1-Yes,NA,NA,NA,4801 BENNING ROAD SE,Washington,20019
DC,2023-2024,129,237,KIPP DC PCS,KIPP DC - Quest Academy PCS,1100031,1100031,NA,110003100488,390,01-04,2,390,22114.28736,4399.330923,26513.61828,18294.36897,3628.677897,21923.04687,3819.918385,770.6530256,4590.57141,8624572.07,1715739.06,10340311.13,0,11-City: Large,1-Yes,NA,NA,NA,5300 BLAINE STREET NE,Washington,20019
DC,2023-2024,129,214,KIPP DC PCS,KIPP DC - Spring Academy PCS,1100031,1100031,NA,110003100469,376,01-04,2,376,22418.99359,5183.537846,27602.53144,18599.07519,4412.88484,23011.96003,3819.918404,770.6530053,4590.57141,8429541.59,1949010.23,10378551.82,0,11-City: Large,1-Yes,NA,NA,NA,1375 MOUNT OLIVET ROAD NE,Washington,20002
DC,2023-2024,129,243,KIPP DC PCS,KIPP DC - Valor Academy PCS,1100031,1100031,NA,110003100486,336,05-08,3,336,23537.71137,4215.590744,27753.30211,19717.79298,3444.937738,23162.73071,3819.918393,770.653006,4590.571399,7908671.02,1416438.49,9325109.51,0,11-City: Large,1-Yes,NA,NA,NA,5300 BLAINE STREET NE,Washington,20019
DC,2023-2024,129,121,KIPP DC PCS,KIPP DC - WILL Academy PCS,1100031,1100031,NA,110003100376,323,05-08,3,323,23444.4691,4643.797276,28088.26638,19624.55071,3873.144272,23497.69498,3819.91839,770.6530031,4590.571393,7572563.52,1499946.52,9072510.04,0,11-City: Large,1-Yes,NA,NA,NA,421 P STREET NW,Washington,20001
DC,2023-2024,129,1086,KIPP DC PCS,KIPP DC PCS - Legacy College Preparatory PCS,1100031,1100031,NA,110003100523,495,09-12,4,495,29470.84747,5312.799636,34783.64711,25650.92907,4542.146626,30193.0757,3819.918404,770.6530101,4590.571414,14588069.5,2629835.82,17217905.32,0,11-City: Large,1-Yes,NA,NA,NA,3999 8TH STREET SE,Washington,20032
DC,2023-2024,130,193,Latin American Montessori Bilingual PCS,Latin American Montessori Bilingual PCS,1100032,1100032,NA,110003200247,555,PK-05,2,555,22218.09189,737.1531532,22955.24505,22218.09189,737.1531532,22955.24505,0,0,0,12331041,409120,12740161,0,11-City: Large,1-Yes,NA,NA,NA,5000 14TH STREET NW,Washington,20011
DC,2023-2024,172,104,LAYC Career Academy PCS,LAYC Career Academy PCS,NA,NA,NA,NA,NA,NA,NA,149,22917.76503,1622.982081,24540.74711,22917.76503,1622.982081,24540.74711,0,0,0,3414746.99,241824.33,3656571.32,0,NA,NA,NA,NA,NA,NA,NA,NA
DC,2023-2024,358,1172,LEARN DC PCS,LEARN DC PCS,1100117,1100117,NA,110011700546,249,PK-03,2,249,25608.97992,11305.80321,36914.78313,25608.97992,11305.80321,36914.78313,0,0,0,6376636,2815145,9191781,1,11-City: Large,1-Yes,NA,NA,NA,100 DUNCAN STREET SW,Washington,20032
DC,2023-2024,177,228,Lee Montessori PCS,Lee Montessori PCS - Brookland,1100093,1100093,NA,110009300476,286,PK-06,2,286,25169.47507,709.6318531,25879.10692,25169.47507,709.6318531,25879.10692,0,0,0,7198469.87,202954.71,7401424.58,0,11-City: Large,1-Yes,NA,NA,NA,3025 4TH STREET NE,Washington,20017
DC,2023-2024,177,1141,Lee Montessori PCS,Lee Montessori PCS - East End,1100093,1100093,NA,110009300525,216,PK-03,2,216,25052.94972,706.3465278,25759.29625,25052.94972,706.3465278,25759.29625,0,0,0,5411437.14,152570.85,5564007.99,0,11-City: Large,1-Yes,NA,NA,NA,2345 R STREET SE,Washington,20020
DC,2023-2024,132,135,Mary McLeod Bethune Day Academy PCS,Mary McLeod Bethune Day Academy PCS,1100044,1100044,NA,110004400275,361,PK-08,3,361,29157.8051,5423.196676,34581.00177,29157.8051,5423.196676,34581.00177,0,0,0,10525967.64,1957774,12483741.64,0,11-City: Large,1-Yes,NA,NA,NA,1404 JACKSON STREET NE,Washington,20017
DC,2023-2024,133,101,Maya Angelou PCS,Maya Angelou PCS - High School,1100014,1100014,NA,110001400391,224,09-12,4,224,47083.125,2910.25,49993.375,42763.85268,2910.25,45674.10268,4319.272321,0,4319.272321,10546620,651896,11198516,1,11-City: Large,1-Yes,NA,NA,NA,5600 EAST CAPITOL STREET NE,Washington,20019
DC,2023-2024,133,137,Maya Angelou PCS,Maya Angelou PCS - Young Adult Learning Center,1100014,1100014,NA,NA,NA,NA,NA,299,19710.65552,1313.67893,21024.33445,15391.38462,1313.67893,16705.06355,4319.270903,0,4319.270903,5893486,392790,6286276,0,NA,NA,NA,NA,NA,NA,NA,NA
DC,2023-2024,135,165,Meridian PCS,Meridian PCS,1100015,1100015,NA,110001500229,621,PK-08,3,621,27076.60122,5465.560274,32542.1615,27076.60122,5465.560274,32542.1615,0,0,0,16814569.36,3394112.93,20208682.29,0,11-City: Large,1-Yes,NA,NA,NA,2120 13TH STREET NW,Washington,20009
DC,2023-2024,184,260,Monument Academy PCS,Monument Academy PCS,1100100,1100100,NA,110010000500,127,05-08,3,127,77183.11811,16482.35433,93665.47244,77183.11811,16482.35433,93665.47244,0,0,0,9802256,2093259,11895515,1,11-City: Large,1-Yes,NA,NA,NA,500 19TH STREET NE,Washington,20002
DC,2023-2024,171,1088,Mundo Verde Bilingual PCS,Mundo Verde Bilingual PCS - Calle Ocho,1100086,1100086,NA,110008600527,498,PK-04,2,498,29780.72122,1677.273092,31457.99432,24001.85116,1677.273092,25679.12426,5778.87006,0,5778.87006,14830799.17,835282,15666081.17,0,11-City: Large,1-Yes,NA,NA,NA,4401 8TH STREET NE,Washington,20017
DC,2023-2024,171,3065,Mundo Verde Bilingual PCS,Mundo Verde Bilingual PCS - J.F. Cook,1100086,1100086,NA,110008600444,530,PK-05,2,530,25830.12919,1454.771698,27284.90089,19947.6756,1454.771698,21402.4473,5882.453585,0,5882.453585,13689968.47,771029,14460997.47,0,11-City: Large,1-Yes,NA,NA,NA,30 P STREET NW,Washington,20001
DC,2023-2024,220,2221,OSSE Academy,OSSE Academy Elementary School,NA,NA,NA,NA,NA,NA,NA,248,0,0,0,0,0,0,0,0,0,0,0,0,1,NA,NA,NA,NA,NA,NA,NA,NA
DC,2023-2024,220,2223,OSSE Academy,OSSE Academy High School,NA,NA,NA,NA,NA,NA,NA,215,0,0,0,0,0,0,0,0,0,0,0,0,1,NA,NA,NA,NA,NA,NA,NA,NA
DC,2023-2024,220,2222,OSSE Academy,OSSE Academy Middle School,NA,NA,NA,NA,NA,NA,NA,245,0,0,0,0,0,0,0,0,0,0,0,0,1,NA,NA,NA,NA,NA,NA,NA,NA
DC,2023-2024,138,222,Paul PCS,Paul PCS - International High School,1100039,1100039,NA,110003900477,438,09-12,4,438,28047.75993,4764.511324,32812.27126,28047.75993,4764.511324,32812.27126,0,0,0,12284918.85,2086855.96,14371774.81,0,11-City: Large,1-Yes,NA,NA,NA,5800 8TH STREET NW,Washington,20011
DC,2023-2024,138,170,Paul PCS,Paul PCS - Middle School,1100039,1100039,NA,110003900257,313,05-08,3,313,28047.75767,4764.51131,32812.26898,28047.75767,4764.51131,32812.26898,0,0,0,8778948.15,1491292.04,10270240.19,0,11-City: Large,1-Yes,NA,NA,NA,5800 8TH STREET NW,Washington,20011
DC,2023-2024,125,161,Perry Street Preparatory PCS,Perry Street Preparatory PCS,1100011,1100011,NA,110001100225,455,PK-08,3,455,27515.56703,3235.764835,30751.33187,27515.56703,3235.764835,30751.33187,0,0,0,12519583,1472273,13991856,0,11-City: Large,1-Yes,NA,NA,NA,1800 PERRY STREET NE,Washington,20018
DC,2023-2024,167,3067,Richard Wright PCS for Journalism and Media Arts,Richard Wright PCS for Journalism and Media Arts,1100082,1100082,NA,110008200441,309,08-12,4,309,29539.30097,3041.252427,32580.5534,29539.30097,3041.252427,32580.5534,0,0,0,9127644,939747,10067391,0,11-City: Large,1-Yes,NA,NA,NA,475 SCHOOL STREET SW,Washington,20024
DC,2023-2024,191,1150,Rocketship Education DC PCS,Rocketship PCS - Infinity Community Prep,1100106,1100106,NA,110010600534,341,PK-05,2,341,33153.1261,4700.554252,37853.68035,30017.71848,4088.914956,34106.63343,3135.407625,611.6392962,3747.046921,11305216,1602889,12908105,0,11-City: Large,1-Yes,NA,NA,NA,5450 3RD STREET NE,WASHINGTON,20011
DC,2023-2024,191,1016,Rocketship Education DC PCS,Rocketship PCS - Legacy Prep,1100106,1100106,NA,110010600514,609,PK-05,2,609,23930.41544,3326.01642,27256.43186,20911.35796,2938.254516,23849.61248,3019.057471,387.7619048,3406.819376,14573623,2025544,16599167,0,11-City: Large,1-Yes,NA,NA,NA,4250 MASSACHUSETTS AVENUE SE,Washington,20019
DC,2023-2024,191,286,Rocketship Education DC PCS,Rocketship PCS - Rise Academy,1100106,1100106,NA,110010600509,428,PK-05,2,428,27915.6986,3547.273364,31462.97196,24834.78037,3146.89486,27981.67523,3080.918224,400.3785047,3481.296729,11947919,1518233,13466152,0,11-City: Large,1-Yes,NA,NA,NA,2335 RAYNOLDS PLACE SE,Washington,20020
DC,2023-2024,140,173,Roots PCS,Roots PCS,1100020,1100020,NA,110002000234,80,PK-05,2,80,31132.875,940.9625,32073.8375,31132.875,940.9625,32073.8375,0,0,0,2490630,75277,2565907,0,11-City: Large,1-Yes,NA,NA,NA,15 KENNEDY STREET NW,Washington,20011
DC,2023-2024,142,174,SEED PCS,The SEED PCS of Washington DC,1100022,1100022,NA,110002200236,252,09-12,4,252,62814.80556,4795.107143,67609.9127,62814.80556,4795.107143,67609.9127,0,0,0,15829331,1208367,17037698,1,11-City: Large,1-Yes,NA,NA,NA,4300 C STREET SE,Washington,20019
DC,2023-2024,174,197,Sela PCS,Sela PCS,1100088,1100088,NA,110008800461,285,PK-05,2,285,26610.18596,1687.452632,28297.6386,26610.18596,1687.452632,28297.6386,0,0,0,7583903,480924,8064827,0,11-City: Large,1-Yes,NA,NA,NA,6015 CHILLUM PLACE NE,Washington,20011
DC,2023-2024,166,3066,Shining Stars Montessori Academy PCS,Shining Stars Montessori Academy PCS,1100081,1100081,NA,110008100442,215,PK-06,2,215,25455.40465,2266.52093,27721.92558,25455.40465,2266.52093,27721.92558,0,0,0,5472912,487302,5960214,0,11-City: Large,1-Yes,NA,NA,NA,1240 RANDOLPH STREET NE,Washington,20017
DC,2023-2024,350,1148,Social Justice PCS,Social Justice PCS,1100115,1100115,NA,110011500539,124,05-08,3,124,28282.78645,7314.970161,35597.75661,28282.78645,7314.970161,35597.75661,0,0,0,3507065.52,907056.3,4414121.82,0,11-City: Large,1-Yes,NA,NA,NA,5450 3RD STREET NE,Washington,20011
DC,2023-2024,143,1047,St. Coletta Special Education PCS,St. Coletta Special Education PCS,1100064,1100064,NA,110006400367,251,PK-12,4,251,84766.30279,1156.964143,85923.26693,84766.30279,1156.964143,85923.26693,0,0,0,21276342,290398,21566740,1,11-City: Large,1-Yes,NA,NA,NA,1901 INDEPENDENCE AVENUE SE,Washington,20003
DC,2023-2024,314,1037,Statesmen College Preparatory Academy for Boys PCS,Statesmen College Preparatory  Academy for Boys PCS,1100110,1100110,NA,110011000518,307,04-08,3,307,29695.57329,4774.850163,34470.42345,29695.57329,4774.850163,34470.42345,0,0,0,9116541,1465879,10582420,0,11-City: Large,1-Yes,NA,NA,NA,4600 LIVINGSTON ROAD SE,Washington,20032
DC,2023-2024,188,255,The Children's Guild DC PCS,The Children's Guild DC PCS,1100101,1100101,NA,110010100499,230,K-08,3,230,48536.43422,3896.513609,52432.94783,48536.43422,3896.513609,52432.94783,0,0,0,11163379.87,896198.13,12059578,1,11-City: Large,1-Yes,NA,NA,NA,2146 24TH PLACE NE,Washington,20018
DC,2023-2024,303,1036,The Family Place PCS,The Family Place PCS,NA,NA,NA,NA,NA,NA,NA,193,12778.33679,847.2124352,13625.54922,12778.33679,847.2124352,13625.54922,0,0,0,2466219,163512,2629731,0,NA,NA,NA,NA,NA,NA,NA,NA
DC,2023-2024,145,168,The Next Step/El Proximo Paso PCS,The Next Step/El Proximo Paso PCS,NA,NA,NA,NA,NA,NA,NA,510,18348.57057,524.5708627,18873.14143,18348.57057,524.5708627,18873.14143,0,0,0,9357770.99,267531.14,9625302.13,0,NA,NA,NA,NA,NA,NA,NA,NA
DC,2023-2024,323,1144,The Sojourner Truth School PCS,The Sojourner Truth School PCS,1100111,1100111,NA,110011100535,284,06-10,4,284,26627.33387,1383.39419,28010.72806,26627.33387,1383.39419,28010.72806,0,0,0,7562162.82,392883.95,7955046.77,0,11-City: Large,1-Yes,NA,NA,NA,1800 PERRY STREET NE,Washington,20018
DC,2023-2024,146,191,Thurgood Marshall Academy PCS,Thurgood Marshall Academy PCS,1100034,1100034,NA,110003400249,338,09-12,4,338,32934.68743,5408.523757,38343.21118,32934.68743,5408.523757,38343.21118,0,0,0,11131924.35,1828081.03,12960005.38,0,11-City: Large,1-Yes,NA,NA,NA,2427 MARTIN LUTHER KING JR AVENUE SE,Washington,20020
DC,2023-2024,149,198,Two Rivers PCS,Two Rivers PCS - 4th Street,1100045,1100045,NA,110004500279,390,PK-05,2,390,24767.86997,1400.061103,26167.93108,22432.31849,1399.616897,23831.93538,2335.551487,0.4442051282,2335.995692,9659469.29,546023.83,10205493.12,0,11-City: Large,1-Yes,NA,NA,NA,1227 4TH STREET NE,Washington,20002
DC,2023-2024,149,270,Two Rivers PCS,Two Rivers PCS - Young Elementary School,1100045,1100045,NA,110004500498,378,PK-05,2,378,24767.87,1400.061111,26167.93111,22432.31849,1399.616905,23831.9354,2335.551508,0.4442063492,2335.995714,9362254.86,529223.1,9891477.96,0,11-City: Large,1-Yes,NA,NA,NA,820 26TH STREET NE,Washington,20002
DC,2023-2024,149,1152,Two Rivers PCS,Two Rivers PCS - Young Middle School,1100045,1100045,NA,110004500533,254,06-08,3,254,24767.86996,1400.061102,26167.93106,22432.31846,1399.61689,23831.93535,2335.551496,0.4442125984,2335.995709,6291038.97,355615.52,6646654.49,0,11-City: Large,1-Yes,NA,NA,NA,830 26TH STREET NE,Washington,20002
DC,2023-2024,185,263,Washington Global PCS,Washington Global PCS,1100102,1100102,NA,110010200503,219,06-08,3,219,22967.34027,5292.795525,28260.1358,22967.34027,5292.795525,28260.1358,0,0,0,5029847.52,1159122.22,6188969.74,0,11-City: Large,1-Yes,NA,NA,NA,525 SCHOOL STREET SW,Washington,20024
DC,2023-2024,151,1292,Washington Latin PCS,Washington Latin PCS - Anna Julia Cooper Middle School,1100019,1100019,NA,110001900779,285,05-07,3,285,23010.57712,837.9874035,23848.56453,23010.57712,837.9874035,23848.56453,0,0,0,6558014.48,238826.41,6796840.89,0,11-City: Large,1-Yes,NA,NA,NA,711 EDGEWOOD STREET NE,Washington,20011
DC,2023-2024,151,125,Washington Latin PCS,Washington Latin PCS - Middle School,1100019,1100019,NA,110001900324,393,05-08,3,393,23010.5771,837.9874046,23848.5645,23010.5771,837.9874046,23848.5645,0,0,0,9043156.8,329329.05,9372485.85,0,11-City: Large,1-Yes,NA,NA,NA,5200 2ND STREET NW,Washington,20011
DC,2023-2024,151,1118,Washington Latin PCS,Washington Latin PCS - Upper School,1100019,1100019,NA,110001900423,356,09-12,4,356,23010.57711,837.9874157,23848.56452,23010.57711,837.9874157,23848.56452,0,0,0,8191765.45,298323.52,8490088.97,0,11-City: Large,1-Yes,NA,NA,NA,5200 2ND STREET NW,Washington,20011
DC,2023-2024,194,283,Washington Leadership Academy PCS,Washington Leadership Academy PCS,1100103,1100103,NA,110010300510,398,09-12,4,398,29142.30457,4804.078995,33946.38357,0,4804.078995,4804.078995,29142.30457,0,29142.30457,11598637.22,1912023.44,13510660.66,1,11-City: Large,1-Yes,NA,NA,NA,3015 4TH STREET NE,Washington,20017
DC,2023-2024,160,1117,Washington Yu Ying PCS,Washington Yu Ying PCS,1100077,1100077,NA,110007700411,634,PK-05,2,634,23292.00795,1348.093722,24640.10167,23292.00795,1348.093722,24640.10167,0,0,0,14767133.04,854691.42,15621824.46,0,11-City: Large,1-Yes,NA,NA,NA,220 TAYLOR STREET NE,Washington,20017
DC,2023-2024,131,128,YouthBuild DC PCS,YouthBuild DC PCS,NA,NA,NA,NA,NA,NA,NA,133,29321.06015,4617.977444,33939.03759,29321.06015,4617.977444,33939.03759,0,0,0,3899701,614191,4513892,0,NA,NA,NA,NA,NA,NA,NA,NA